отказаться,-2
заброшены,-2
отказывается,-2
похищена,-2
Похищение,-2
похищений,-2
гнушающиеся,-3
гнушалась,-3
отвратительной,-3
приемлет,-3
способности,2
Способность,2
на борту,1
заочная,-1
абсентеистами,-1
снять,2
освобождались,2
отпускает,2
освобождающие,2
впитывается,1
злоупотребления,-3
злоупотребляли,-3
злоупотребления,-3
оскорбительных,-3
принимаем,1
принято,1
принимая,1
принимает,1
авария,-2
случайно,-2
случайно,-2
несчастные случаи,-2
достижения,2
выполнено,2
выполняет,2
обвинение,-2
Обвинения,-2
обвинять,-2
обвиняемый,-2
обвиняет,-2
обвинив,-2
Боль,-2
достижимыми,1
ноющие,-2
оправдает,2
оправдает,2
оправдан,2
оправдав,2
желчный,-3
активный отдых,1
адекватной,1
восхищаюсь,3
восхищались,3
восхищается,3
восхищаясь,3
Признаюсь,-1
допускает,-1
признал,-1
увещевать,-2
увещевал,-2
принять,1
принимает,1
очаровательны,3
обожать,3
обожал,3
боготворит,3
продвинутый,1
Преимущество,2
Преимущества,2
приключение,2
приключения,2
авантюрный,2
пострадавших,-1
любовь,3
ласковая,3
страждущих,-1
оскорбленным,-1
боюсь,-2
обострить,-2
усугубляются,-2
обостряет,-2
отягчающим,-2
агрессия,-2
агрессий,-2
агрессивный,-2
ошеломлены,-2
взбудоражен,2
мучиться,-3
мучился,-3
agonises,-3
мучительный,-3
мучиться,-3
мучился,-3
мучается,-3
мучительный,-3
согласен,1
приятный,2
согласился,1
Соглашение,1
соглашается с тем,1
сигнализация,-2
встревожены,-2
паникер,-2
паникеры,-2
увы,-1
предупреждение,-1
отчуждение,-2
жив,1
аллергический,-2
позволяют,1
в одиночку,-2
поражают,2
поражены,2
Поражает,2
Удивительно,4
амбициозны,2
двойственное,-1
забавлять,3
позабавило,3
развлечений,3
увеселения,3
гнев,-3
возмущает,-3
сердится,-3
надрыв,-3
мучительный,-3
Враждебность,-2
раздражают,-2
Раздражение,-2
раздражен,-2
раздражает,-2
досаждает,-2
антагонистические,-2
анти,-1
предвкушение,1
тревога,-2
беспокойство,-2
апатичными,-3
апатия,-3
apeshit,-3
апокалиптическая,-2
Извиняюсь,-1
извинился,-1
извиняется,-1
извиняясь,-1
Извиняюсь,-1
извинился,-1
извиняется,-1
извиняясь,-1
Извинение,-1
потрясены,-2
ужасающими,-2
умиротворить,2
успокоен,2
умиротворяет,2
умиротворения,2
аплодируют,2
аплодировали,2
аплодируют,2
аплодирует,2
аплодисменты,2
ценят,2
Понятно,2
оценивает,2
оценивая,2
оценка,2
опасающийся,-2
утверждение,2
утвержден,2
утверждает,2
пламенный,1
арест,-2
арестован,-3
аресты,-2
высокомерный,-2
ashame,-2
стыдно,-2
попка,-4
убийство,-3
убийства,-3
активов,2
активы,2
жопу,-4
мудак,-4
изумились,2
изумить,3
изумлен,3
поразительна,3
изумительно,3
изумляет,3
атака,-1
атаковал,-1
атаковать,-1
атаки,-1
привлекать,1
притягиваются,1
привлечение,2
притяжение,2
достопримечательности,2
привлекает,1
дерзкая,3
орган,1
предотвратить,-1
предотвращена,-1
отвращает,-1
алчный,2
избежать,-1
избегать,-1
избегает,-1
Await,-1
ждали,-1
ждет,-1
награды,3
награжден,3
награды,3
удивительным,4
ужасно,-3
неуклюжий,-2
ах,-1
уволено,-1
поддержал,1
подложка,2
спины,1
плохо,-3
задира,-3
плохо,-3
катапультирование,-2
надувать,-2
одурачены,-2
bamboozles,-2
Запрет,-2
прогонять,-1
банкротом,-3
bankster,-3
запрещен,-2
сделка,2
барьер,-2
сволочь,-5
сволочи,-5
бой,-1
сражений,-1
избили,-2
Блаженная,3
Избиение,-1
красавиц,3
красивые,3
красиво,3
украсит,3
умаляет,-2
принижается,-2
возлюбленные,3
выгода,2
Преимущества,2
извлек выгоду,2
извлечение преимуществ,2
лишаю,-2
бездетным,-2
bereaves,-2
bereaving,-2
лучше всего,3
предают,-3
предательство,-3
обманутыми,-3
предательстве,-3
предает,-3
лучше,2
смещения,-1
предвзятым,-2
большой,1
сука,-5
суки,-5
горького,-2
горько,-2
странно,-2
бла,-2
виноват,-2
винил,-2
винит,-2
обвинять,-2
благослови,2
благословляет,2
Благо,3
штора,-1
блаженство,3
блаженная,3
жизнерадостный,2
блок,-1
блокбастер,3
заблокирован,-1
блокирование,-1
блоки,-1
кровавый,-3
размыто,-2
хвастливый,-2
полужирный,2
смело,2
Бомба,-1
увеличить,1
росту,1
повышение,1
форсирует,1
зануда,-2
скучно,-2
расточные,-3
заморачиваться,-2
надоело,-2
надоедает,-2
надоедливым,-2
Бойкот,-2
бойкотировали,-2
бойкота,-2
бойкоты,-2
промывания мозгов,-3
храбрый,2
прорыв,3
захватывающий,5
подкуп,-3
яркий,1
яркие,2
Яркость,1
блестящий,4
бойкая,2
сломал,-1
сломанный,-1
задумчивый,-2
запугивают,-2
фигню,-4
задира,-2
издевательства,-2
облом,-2
плавучесть,2
Бремя,-2
обремененные,-2
отягощения,-2
обременения,-2
спокойный,2
успокоили,2
успокаивающим,2
успокаивается,2
не может стоять,-3
отменить,-1
отменен,-1
отмена,-1
отменяет,-1
рак,-1
способный,1
пленен,3
уход,2
беззаботные,1
осторожны,2
осторожно,2
небрежное,-2
заботится,2
наживаются,-2
от несчастных случаев,-2
катастрофа,-3
катастрофическими,-4
осторожно,-1
отмечают,3
прославленный,3
отмечает,3
празднование,3
цензор,-2
цензурой,-2
цензоры,-2
Наверняка,1
огорчение,-2
огорченным,-2
вызов,-1
шанс,2
Шансы,2
хаос,-2
хаотично,-2
заряжена,-3
заряды,-2
Очарование,3
очаровательный,3
неприглядный,-3
наказав,-3
наказанные,-3
отчитывает,-3
карающая,-3
обманывать,-3
обманутыми,-3
Жулик,-3
мошенники,-3
читы,-3
развеселить,2
повеселел,2
веселый,2
аплодисменты,2
невеселый,-2
веселит,2
радостная,3
лелеять,2
лелеял,2
лелеет,2
лелея,2
шик,2
детски,-2
пугающим,-1
дроссель,-2
душил,-2
дроссели,-2
удушье,-2
проясняет,2
ясность,2
столкновение,-2
классных,3
чистый,2
очиститель,2
ясно,1
рассеялся,1
ясно,1
очищает,1
умный,2
затуманено,-1
невежественный,-2
петух,-5
членосос,-5
cocksuckers,-5
дерзким,-2
принуждают,-2
разрушаться,-2
свернутый,-2
обвалы,-2
рушится,-2
сталкиваются,-1
сталкиваетс,-1
сталкиваясь,-1
столкновение,-2
столкновения,-2
сговоре,-3
бой,-1
борется,-1
комедии,1
комфорт,2
удобные,2
утешительные,2
удобства,2
одобряем,2
приветствовать,2
фиксации,1
приверженность,2
совершает,1
совершенные,1
совершение,1
сострадательным,2
вынужденный,1
компетентный,2
конкурентная,2
самодовольными,-2
жалуются,-2
жаловался,-2
жалуется,-2
всеобъемлющего,2
примирять,2
примирило,2
примиряет,2
примирении,2
осуждаю,-2
осуждение,-2
осуждал,-2
осуждает,-2
уверенность,2
уверенный в себе,2
конфликт,-2
противоречивыми,-2
конфликтный,-2
конфликты,-2
запутать,-2
запутаться,-2
запутанным,-2
Congrats,2
Поздравляю,2
поздравлении,2
поздравления,2
согласие,2
согласий,2
consolable,2
Заговор,-3
ограничены,-2
Зараза,-2
зараз,-2
заразным,-1
Презрение,-2
презрительное,-2
пренебрежительно,-2
утверждают,-1
соперник,-1
соперничающих,-1
спорными,-2
спорными,-2
спорным,-2
спорно,-2
убедить,1
убеждены,1
убеждает,1
компанейский,2
круто,1
холодное вещество,3
загнан в угол,-2
Труп,-1
дорогостоящим,-2
Мужество,2
мужественный,2
вежливым,2
вежливость,2
Сокрытие,-3
трус,-2
трусливое,-2
Уют,2
судорога,-1
дерьмо,-3
аварии,-2
безумнее,-2
безумная,-2
сумасшедший,-2
творческий,2
удрученным,-2
вскричал,-2
плачет,-2
преступление,-3
преступник,-3
преступники,-3
кризис,-3
критик,-2
критика,-2
критиковать,-2
критике,-2
критикует,-2
критикуя,-2
критики,-2
жесток,-3
жестокость,-3
раздавить,-1
раздавлена,-2
дроблением,-1
дробление,-1
плачь,-1
плача,-2
пизда,-5
Любопытно,1
Проклятие,-1
вырезать,-1
мило,2
порезы,-1
резка,-1
Циник,-2
циничная,-2
Цинизм,-2
повреждение,-3
повреждения,-3
блин,-4
проклятый,-4
Проклятье,-4
опасность,-2
смельчак,2
смелая,2
мрачных,-2
темнота,-1
Неустрашимый,2
мертв,-3
тупиковой,-2
Оглушительный,-1
дорогая,2
дорого,3
смерть,-2
жизнерадостный,2
долг,-2
коварство,-3
Лукаво,-3
обманывать,-3
обманут,-3
обольщает,-3
обманывать,-3
обман,-3
Решающим,1
посвященный,2
поражение,-2
дефект,-3
дефекты,-3
защитник,2
Защитники,2
беззащитным,-2
отложить,-1
откладывая,-1
вызывающе,-1
дефицит,-2
деградируют,-2
деградировали,-2
деградирует,-2
дегуманизации,-2
дегуманизировали,-2
дегуманизирует,-2
дегуманизация,-2
угнетать,-2
удрученным,-2
dejecting,-2
dejects,-2
Задержка,-1
задержка,-1
наслаждение,3
рад,3
увлеченный,3
изыски,3
спрос,-1
потребовал,-1
требовательный,-1
Требования,-1
демонстрация,-1
деморализованы,-2
отказано,-2
денье,-2
отрицатели,-2
отрицает,-2
денонсировать,-2
обличает,-2
отрицать,-2
отрицая,-2
депрессии,-2
угнетающим,-2
откос,-2
Derailed,-2
сошел с рельсов,-2
высмеивать,-2
высмеивали,-2
высмеивает,-2
высмеивая,-2
высмеивание,-2
Желательно,2
желание,1
желательно,2
желая,2
отчаяние,-3
отчаявшийся,-3
отчаивается,-3
отчаянным,-3
отчаянно,-3
подавленным,-3
уничтожить,-3
разрушен,-3
уничтожение,-3
разрушает,-3
разрушение,-3
деструктивным,-3
отдельно стоящий,-1
задержать,-2
задержан,-2
задержание,-2
определяется,2
опустошить,-2
опустошен,-2
разрушительными,-2
посвященный,3
алмаз,1
член,-4
придурок,-4
умереть,-3
умер,-3
трудно,-1
неуверенные,-2
Дилемма,-1
dipshit,-3
плачевными,-3
зловещий,-3
грязь,-2
грязнее,-2
грязное,-2
грязный,-2
отключение,-1
Недостаток,-2
обездоленным,-2
исчезают,-1
исчез,-1
исчезает,-1
разочаровать,-2
разочарован,-2
разочарование,-2
разочарование,-2
Разочарования,-2
разочаровывает,-2
стихийных бедствий,-2
бедствия,-2
Ужасный,-3
веруют,-2
отбрасывать,-1
отбрасываются,-1
отбрасывая,-1
выкидывает,-1
безутешный,-2
disconsolation,-2
недовольным,-2
диссонанс,-2
сбрасывать со счетов,-1
унывает,-2
дискредитирован,-2
Презрение,-2
Позор,-2
опальный,-2
маскировать,-1
замаскированы,-1
маскировка,-1
утаивания,-1
Отвращение,-3
противен,-3
отвратительное,-3
обескуражена,-2
нечестный,-2
разочарованный,-2
склонно,-2
непоследователен,-2
больше всего не нравится,-2
унылая,-2
встревожены,-2
расстройство,-2
дезорганизованы,-2
дезориентированы,-2
пренебрежительно,-2
пренебрежительно,-2
пренебрежительно,-2
пренебрежительно,-2
недовольна,-2
спор,-2
оспариваются,-2
споры,-2
рассуждении,-2
дисквалифицированы,-2
беспокойство,-2
Пренебрежение,-2
пренебрегли,-2
не обращая внимания,-2
не принимает во внимание,-2
неуважением,-2
неуважительно,-2
нарушения,-2
срывы,-2
разрушительными,-2
недовольны,-2
искажать,-2
искажается,-2
искажая,-2
искажается,-2
отвлекают,-2
отвлекается,-2
отвлечение,-2
отвлекает внимание,-2
бедствия,-2
сокрушались,-2
огорчает,-2
огорчает,-2
Недоверие,-3
недоверчивы,-3
тревожить,-2
нарушенный,-2
тревожная,-2
беспокоит,-2
размывания,-2
головокружение,-1
осветление,-2
хитроумный,-2
не работает,-3
грустный,-2
не нравится,-2
дум,-2
обречено,-2
сомнения,-1
сомневался,-1
Сомнительно,-1
сомневаясь,-1
сомнения,-1
обливание,-3
Douchebag,-3
понурый,-2
унывают,-2
оборотная сторона,-2
сопротивление,-1
тащили,-1
тащит,-1
сливают,-2
страшиться,-2
страшилась,-2
ужасно,-3
Боясь,-2
во сне,1
мечты,1
муторно,-2
Droopy,-2
падение,-1
утонуть,-2
утонул,-2
тонет,-2
пьян,-2
сомнительна,-2
безнадежный,-2
тусклыми,-2
немой,-3
тупица,-3
свалка,-1
сбрасывали,-2
отвалов,-1
надуть,-2
обманут,-2
дисфункции,-2
энергичны,2
серьёзность,2
легкость,2
Легко,1
экстазе,4
Жуткий,-2
сверхъестественный,-2
эффективная,2
эффективно,2
приподнятое,3
Восторг,3
элегантный,2
элегантно,2
смущать,-2
смущенный,-2
смущают,-2
неловко,-2
затруднением,-2
озлобленные,-2
обнимаются,1
аварийная ситуация,-2
чуткими,2
пустота,-1
пусто,-1
Очарованный,2
поощрять,2
освобожденные,2
поощрение,2
поощряет,2
одобрить,2
одобрил,2
Одобрение,2
одобряет,2
враги,-2
враг,-2
энергичный,2
заниматься,1
входит в зацепление,1
поглощены,1
наслаждаться,2
наслаждаясь,2
пользуется,2
просветить,2
просветленным,2
поучительно,2
просвещает,2
скука,-2
бесят,-2
Разгневанный,-2
бесит,-2
прогневить,-2
восхищать,3
поработить,-2
порабощены,-2
порабощает,-2
обеспечить,1
обеспечение,1
Предприимчивый,1
развлекательные,2
увлекать,3
энтузиазма,3
право,1
доверено,2
завидует,-1
завистливые,-2
завидую,-1
зависть,-1
ошибочны,-2
ошибка,-2
Ошибки,-2
бежать,-1
ускользает,-1
спасаясь,-1
почитала,2
этических,2
эйфория,3
эйфории,4
Выселение,-1
зло,-3
преувеличивают,-2
преувеличены,-2
преувеличивает,-2
преувеличивая,-2
раздраженный,2
совершенство,3
отлично,3
возбуждают,3
возбужден,3
волнение,3
захватывающий,3
исключить,-1
исключено,-2
исключение,-1
эксклюзивные,2
простите,-1
освобождены,-1
исчерпаны,-2
навеселе,3
exhilarates,3
волнующий,3
освободить от ответственности,2
освобожден от ответственности,2
реабилитирует,2
оправдательные,2
расширить,1
расширяется,1
высылать,-2
исключен,-2
выдворении,-2
выгоняет,-2
эксплуатировать,-2
эксплуатировали,-2
эксплуатации,-2
Подвиги,-2
разведочные работы,1
Исследования,1
разоблачить,-1
разоблачены,-1
выставляет,-1
обнажая,-1
продлить,1
продолжается,1
буйный,4
ликующий,3
ликуя,3
сказочные,4
причуда,-2
пидор,-3
педик,-3
педики,-3
потерпеть неудачу,-2
не удалось,-2
неудачу,-2
выходит из строя,-2
недостаточность,-2
неудачи,-2
малодушных,-2
справедливой,2
вера,1
верная,3
подделка,-3
подделками,-3
притворяется,-3
упал,-2
падения,-1
фальсифицированы,-3
подделывать,-3
слава,1
вентилятор,3
фантастические,4
фарсом,-1
очаровывать,3
увлечен,3
завораживает,3
увлекательным,3
фашист,-2
Фашисты,-2
со смертельным исходом,-3
смертельным исходом,-3
усталость,-2
утомление,-2
переутомления,-2
утомительно,-2
благоприятствуют,2
благоприятствования,2
любимая,2
добавил в избранное,2
избранное,2
благосклонности,2
страх,-2
страх,-2
опасаясь,-2
бесстрашным,2
Страшный,-2
сыт,-3
слабый,-2
чувство,1
тяжких преступлений,-3
фелония,-3
пылким,2
пылкая,2
праздничная,2
Фиаско,-3
суетлив,-2
бороться,-1
отлично,2
огонь,-2
выстрелил,-2
стрельба,-2
нужным,1
фитнес,1
Флагман,2
спасается,-1
флоп,-2
плюхается,-2
грипп,-2
взволнованный,-2
сосредоточенный,2
любят,2
Нежность,2
дурак,-2
Глупо,-2
дураки,-2
принудительная,-1
обращение взыскания,-2
потери права выкупа,-2
забыть,-1
забывчив,-2
простите,1
прощающий,1
забыли,-1
повезло,2
бесится,-1
мошенничество,-4
мошенники,-4
Мошенник,-4
мошенники,-4
мошенничество,-4
мошенническим,-4
бесплатно,1
свобода,2
безумство,-3
свежий,1
дружелюбный,2
испуг,-2
испугавшись,-2
пугающей,-3
frikin,-2
резвый,2
нахмурившись,-1
расстроить,-2
разочарование,-2
расстраивает,-2
разочарование,-2
разочарование,-2
FTW,3
ебать,-4
трахал,-4
распутник,-4
лохи,-4
fuckface,-4
fuckhead,-4
бля,-4
fucktard,-4
FUD,-3
fuked,-4
fuking,-4
выполнить,2
выполнено,2
выполняет,2
дымящей,-2
весело,4
Похороны,-1
похороны,-1
фанк,2
смешнее,4
смешно,4
ярости,-3
тщетны,2
кляп,-2
кляпом во рту,-2
получить,2
получил,2
получение,2
прибыли,2
галантен,3
галантно,3
галантность,3
щедр,2
добродушный,3
призрак,-1
легкомысленный,-2
подарок,2
рад,3
гламурно,3
гламурно,3
ликования,3
ликующий,3
Мрак,-1
мрачный,-2
славный,2
слава,2
угрюмый,-2
бог,1
проклятый,-3
находкой,4
хорошо,3
благость,3
благодать,1
любезный,3
Гранд,3
Грант,1
предоставляется,1
предоставление,1
гранты,1
признательна,3
удовлетворение,2
Могила,-2
серый,-1
большой,3
больше,3
Наибольшее,3
жадность,-3
жадный,-2
зеленый мыть,-3
зеленый мойка,-3
зеленый камуфляж,-3
greenwasher,-3
greenwashers,-3
Greenwashing,-3
здороваются,1
поздоровался,1
приветствие,1
привет,2
приветствует,1
серый,-1
горе,-2
горевал,-2
брутто,-2
растет,1
рост,2
гарантия,1
чувство вины,-3
виновным,-3
легковерие,-2
доверчивы,-2
пистолет,-1
га,2
взломан,-1
ха-ха,3
хахаха,3
hahahah,3
града,2
расценена,2
Несчастный,-2
haplessness,-2
счастье,3
счастливым,3
трудно,-1
выносливее,2
работу в трудных условиях,-2
выносливые,2
вреда,-2
вред,-2
вреден,-2
Вредоносность,-2
Хармс,-2
затравленные,-2
резкий,-2
резче,-2
суровые,-2
Ненавижу,-3
ненавидели,-3
ненавистники,-3
ненавидит,-3
Ненавидеть,-3
будоражить,-1
привидениями,-2
запоминающийся,1
часто посещает,-1
опустошение,-2
здоровые,2
душераздирающая,-3
убитый горем,-3
сердечное,3
небо,2
райское,4
heavyhearted,-2
ад,-4
помощь,2
полезно,2
помогая,2
беспомощным,-2
помогает,2
герой,2
герои,2
героическая,3
нерешительность,-2
колеблясь,-2
спрятался,-1
скрыть,-1
скрывает,-1
прячась,-1
Изюминкой,2
веселый,2
препятствие,-2
мистификацией,-2
тоска по дому,-2
Честно говоря,2
честь,2
честь,2
Почитание,2
честь,2
честь,2
Почитание,2
хулиган,-2
хулиганство,-2
хулиганы,-2
надеюсь,2
надеется,2
Будем надеяться,2
безнадежным,-2
Безнадежность,-2
надежды,2
надеясь,2
ужасающим,-3
ужасный,-3
ужасающим,-3
ужаснулся,-3
враждебной,-2
барыги,-2
объятие,2
Огромный,1
объятий,2
humerous,3
униженным,-3
унижение,-3
юмор,2
с чувством юмора,2
юмор,2
юмористические,2
голод,-2
ура,5
больно,-2
больно,-2
болит,-2
лицемерной,-2
Истерия,-3
истерика,-3
Истерика,-3
идиот,-3
идиотская,-3
невежество,-2
невежественные,-2
игнорировать,-1
игнорируется,-2
игнорирует,-1
больной,-2
незаконным,-3
неграмотность,-2
болезнь,-2
болезни,-2
ненормальный,-3
обездвижены,-1
бессмертна,2
Иммунная,1
нетерпелив,-2
несовершенны,-2
важность,2
важно,2
навязываю,-1
навязываться,-1
навязывает,-1
внушительно,-1
импотент,-2
произвести впечатление,3
впечатление,3
впечатляет,3
впечатляет,3
заключены в тюрьму,-2
улучшить,2
улучшилось,2
улучшение,2
улучшается,2
улучшение,2
Неспособность,-2
Бездействие,-2
неадекватными,-2
недееспособным,-2
недееспособным,-2
разгневан,-2
Некомпетентность,-2
некомпетентным,-2
невнимательный,-2
Неудобство,-2
неудобно,-2
увеличить,1
увеличилась,1
нерешительный,-2
нерушимой,2
Равнодушие,-2
равнодушны,-2
возмущался,-2
Возмущение,-2
зомбирования,-2
внушали,-2
наставляет,-2
индоктринации,-2
неэффективна,-2
малоэффективно,-2
увлечен,2
Увлечение,2
инфицированных,-2
хуже,-2
воспаленные,-2
влиятельный,2
нарушение,-2
разозлит,-2
Разъяренная,-2
бесит,-2
бешенство,-2
ингибировать,-1
ранения,-2
травмы,-2
несправедливость,-2
инновации,1
инноваци,1
инновации,1
инновационные,2
Инквизиция,-2
Любознательный,2
невменяемым,-2
маразм,-2
небезопасным,-2
нечувствительна,-2
нечувствительность,-2
незначительна,-2
пресным,-2
вдохновение,2
вдохновенный,2
вдохновлять,2
вдохновенный,2
вдохновляет,2
вдохновляющим,3
оскорбление,-2
оскорбляли,-2
Обидно,-2
оскорблений,-2
нетронутым,2
Целостность,2
умный,2
интенсивный,1
Интерес,1
интересно,2
интересно,2
интересы,1
опрошенных,-2
прерывание,-2
прерываться,-2
перебивая,-2
прерывание,-2
прерывает,-2
запугать,-2
запугивали,-2
запугивает,-2
пугающим,-2
запугиванием,-2
запутанными,2
Интриги,1
непобедима,2
пригласить,1
приглашая,1
неуязвимым,2
разгневанный,-3
ироничный,-1
Ирония,-1
иррациональным,-1
непреодолимым,2
нерешительный,-2
безответственно,2
необратимы,-1
раздражают,-3
раздраженной,-3
раздражающим,-3
изолированные,-1
зудит,-2
Чудаки,-4
ослы,-4
заключены в тюрьму,-2
бойкий,2
ревновать,-2
под угрозой срыва,-2
придурок,-3
иисус,1
драгоценный камень,1
драгоценности,1
шутливый,2
присоединиться,1
шутка,2
шутки,2
весел,2
бодрый,2
радость,3
радостная,3
радостно,3
безрадостное,-2
жизнелюбие,3
ликовали,3
нервными,-1
справедливость,2
оправданно,2
оправданно,2
увлечена,1
убить,-3
убит,-3
убийство,-3
убивает,-3
вид,2
добрее,2
целуются,2
престижность,3
не хватает,-2
вялый,-2
лаг,-1
отставал,-2
Отставание,-2
лаги,-2
хромых,-2
достопримечательность,2
смеяться,1
смеялся,1
смеясь,1
смеется,1
Смеется,1
запущен,1
Lawl,3
Иск,-2
судебные процессы,-2
ленивым,-1
утечки,-1
просочилась,-1
оставить,-1
правовые,1
на законных основаниях,1
снисходительны,1
вялой,-2
вялость,-2
лжец,-3
лжецы,-3
клеветническим,-2
лгал,-2
спасателем,4
беззаботный,1
как,2
понравилось,2
любит,2
ограничение,-1
ограничено,-1
Пределы,-1
судебные процессы,-1
сутяжнический,-2
живой,2
мертвенно бледен,-2
LMAO,4
LMFAO,4
ненавидят,-3
ненавидели,-3
презирает,-3
омерзение,-3
Лобби,-2
лоббирование,-2
лол,3
одиноко,-2
одинока,-2
тоска,-1
ткацкий станок,-1
маячили,-1
маячит,-1
ткацких станков,-1
рыхлый,-3
теряет,-3
неудачник,-3
проигрышная,-3
потери,-3
утерян,-3
милым,3
любовь,3
любил,3
красотки,3
симпатичный,3
Любящий,2
низкий,-1
верный,3
лояльности,3
удачи,3
К счастью,3
повезло,3
мрачная,-2
Бессмысленный,-3
лунатики,-3
таиться,-1
скрываясь,-1
таится,-1
ума,-3
сводящий с ума,-3
выдуманные,-1
безумно,-3
безумие,-3
обязательным,-1
манипулируют,-1
манипулируя,-1
манипуляции,-1
диво,3
дивно,3
чудесами,3
шедевр,4
шедевры,4
материя,1
вопросы,1
зрелые,2
содержательным,2
бессмысленны,-2
медаль,3
посредственность,-3
медитативная,1
меланхолии,-2
Угроза,-2
грозила,-2
милость,2
весёлая,3
беспорядок,-2
перепутались,-2
Мессинг,-2
методическая,2
бездумное,-2
чудо,4
веселость,3
веселым,3
mirthfully,3
шалить,-2
вспылила,-2
плохо себя ведет,-2
плохое поведение,-2
баловство,-1
шалости,-1
несчастными,-3
нищета,-2
опасение,-2
дезинформация,-2
дезинформировали,-2
неверно истолкованы,-2
вводит в заблуждение,-3
неправильно понял,-1
недостоверной информации,-2
введение в заблуждение,-2
мисс,-2
пропустил,-2
недостающее,-2
ошибка,-2
ошибаетесь,-2
ошибки,-2
спутать,-2
неправильно понимают,-2
недоразумение,-2
неправильно понимает,-2
непонятый,-2
стонать,-2
стонал,-2
стоны,-2
Стоны,-2
издеваться,-2
насмехались,-2
насмешливая,-2
издевается,-2
спекуляция,-2
монополизации,-2
монополизированы,-2
монополизирует,-2
монополизации,-2
капризный,-1
хандрить,-1
хандрить,-1
дебил,-3
ублюдка,-5
ублюдок,-5
мотивировать,1
мотивировано,2
мотивирующим,2
мотивация,1
скорбим,-2
скорбели,-2
скорбная,-2
траур,-2
скорбит,-2
надутый,-2
убийство,-2
убийца,-2
убийство,-3
убийственный,-3
убийства,-2
миф,-1
n00b,-2
наивные,-2
противный,-3
естественно,1
наивным,-2
нуждающимся,-2
отрицательный,-2
негативность,-2
безнадзорности,-2
пренебречь,-2
изнурении,-2
пренебрегает,-2
нервы,-1
нервной,-2
нервно,-2
хорошо,3
изящная,2
ниггеры,-5
ниггер,-5
нет,-1
никакого удовольствия,-3
Благородный,2
шумным,-1
бред,-2
нуб,-2
пронырливый,-2
не хорошо,-2
не работает,-3
пресловутая,-2
Роман,2
онемение,-1
орехи,-3
стереть с лица земли,-2
стирается,-2
неприятны,-3
непристойным,-2
одержимый,2
устарели,-2
препятствие,-2
препятствия,-2
упрямый,-2
Странно,-2
обидеть,-2
обиженный,-2
Преступник,-2
обижая,-2
оскорбляет,-2
в автономном режиме,-1
OKS,2
зловещим,3
один раз в жизни,-3
возможности,2
возможность,2
угнетенного,-2
гнетущая,-2
оптимизм,2
оптимизм,2
optionless,-2
Протест,-2
перехитрили,-2
Возмущение,-3
возмущен,-3
аутрич,2
выдающийся,5
вне себя от радости,4
перегрузка,-1
упускать из виду,-1
перегнуть палку,-2
переусердствовал,-2
чрезмерная реакция,-2
болезненно реагирует,-2
переоценивать,-2
перепроданности,-2
oversells,-2
упрощением,-2
упрощенно,-2
огрубляет,-2
упрощать,-2
преувеличение,-2
преувеличений,-2
избыточный вес,-1
оксюморон,-1
боль,-2
страдальчески,-2
паника,-3
запаниковал,-3
паникует,-3
рай,3
Парадокс,-1
пардон,2
помилован,2
Помилование,2
помилования,2
Фарли,-1
страстный,2
пассивный,-1
пассивно,-1
жалкая,-2
платить,-1
мир,2
мирный,2
мирно,2
Штраф,-2
задумчивый,-1
совершенным,3
усовершенствовал,2
отлично,3
совершенствует,2
Опасности,-2
лжесвидетельство,-3
виновный,-2
Преступники,-2
недоумевали,-2
гнать,-2
преследуются,-2
преследует,-2
гонишь,-2
возмущенный,-2
надоедливая,-2
пессимизм,-2
пессимистично,-2
окаменела,-2
фобии,-2
живописное,2
нагон,-1
Пике,-2
задето,-2
ссать,-4
обозленный,-4
писает,-3
жалкое,-2
жалела,-1
Жаль,-2
игривый,2
приятный,3
пожалуйста,1
доволен,3
удовольствие,3
сбалансирован,-2
яд,-2
отравлен,-2
яды,-2
загрязняет окружающую среду,-2
загрязненная,-2
загрязнитель,-2
загрязнителями,-2
загрязняет,-2
бедных,-2
беднее,-2
бедных,-2
популярный,3
положительный,2
положительно,2
притяжательные,-2
отложить,-1
отложено,-1
отодвигает,-1
Отсрочка,-1
бедность,-1
мощный,2
бессильна,-2
похвалы,3
хвалили,3
хвалит,3
хваля,3
молись,1
молиться,1
молитвами,1
prblm,-2
prblms,-2
подготовлены,1
давление,-1
давление,-2
делают вид,-1
делая вид,-1
делает вид,-1
красивая,1
предотвратить,-1
предотвращено,-1
предотвращение,-1
предотвращает,-1
колоть,-5
тюрьма,-2
Заключенный,-2
заключенные,-2
привилегированные,2
активные,2
Проблема,-2
Проблемы,-2
Спекулянт,-2
прогресс,2
Видное,2
обещание,1
обещали,1
обещает,1
содействовать,1
способствовали,1
способствует,1
содействие,1
пропаганда,-2
преследовать в судебном порядке,-1
преследуются,-2
расследует,-1
Обвинение,-1
проспект,1
перспективы,1
процветающим,3
защиты,1
защищенный,1
защищает,1
протестовать,-2
Протестующие,-2
протестуя,-2
Протесты,-2
гордый,2
гордо,2
провоцируют,-1
раздражается,-1
провоцирует,-1
провокационно,-1
лженаука,-3
наказать,-2
наказывают,-2
наказывает,-2
карательная,-2
напористый,-1
озадачен,-2
Quaking,-2
сомнительна,-2
поставлена ​​под сомнение,-1
анкетирование,-1
расизм,-3
расистом,-3
расисты,-3
ярость,-2
неистовый,-2
дождливый,-1
декламация,-3
пустослов,-3
крикунами,-3
тирады,-3
изнасилование,-4
Насильник,-4
Восхищение,2
вознесена,2
восторги,2
восторженное,4
сыпь,-2
ратифицирована,2
достигнуть,1
достиг,1
достигает,1
достигая,1
успокоить,1
успокоившись,1
успокаивает,1
обнадеживающими,2
бунт,-2
Спад,-2
безрассудным,-2
Рекомендуется,2
Рекомендуется,2
рекомендует,2
погашены,2
отказать,-2
отказался,-2
отказ,-2
сожалеем,-2
прискорбно,-2
сожалений,-2
сожалел,-2
Сожалея,-2
отклонять,-1
отвергается,-1
отвергая,-1
отвергает,-1
радуйся,4
возрадовались,4
ликует,4
радуясь,4
расслаблены,2
неумолима,-1
зависит,2
облегчить,1
освобожден,2
снимает,1
освободив,2
смакование,2
Примечательно,2
раскаяния,-2
отталкивать,-1
отбиты,-2
спасательных работ,2
спасен,2
выручает,2
обиженный,-2
уйти в отставку,-1
подал в отставку,-1
подавать в отставку,-1
уходит в отставку,-1
решительный,2
решить,2
решена,2
решает,2
рассасывающее,2
уважаемый,2
ответственный,2
отзывчивым,2
успокоительные,2
беспокойный,-2
восстановить,1
восстановлена,1
восстанавливает,1
восстановление,1
ограничить,-2
ограничено,-2
ограничение,-2
ограничение,-2
ограничивает,-2
сохраняется,-1
ретард,-2
отсталый,-2
отступить,-1
месть,-2
мстительны,-2
почитали,2
оживить,2
возрождает,2
награда,2
вознаграждены,2
награждение,2
награды,2
богатых,2
смешно,-3
буровая установка,-1
сфальсифицированы,-1
правильное направление,3
строгий,3
строго,3
бунт,-2
бунты,-2
Риск,-2
риски,-2
грабить,-2
Грабитель,-2
робе,-2
облачении,-2
грабит,-2
прочный,2
ROFL,4
roflcopter,4
ROFLMAO,4
романтика,2
ROTFL,4
rotflmfao,4
rotflol,4
разруха,-2
разорился,-2
губит,-2
руины,-2
саботаж,-2
грустный,-2
печалить,-2
опечален,-2
к сожалению,-2
сейф,1
безопасно,1
безопасность,1
ярко выраженной,1
сочный,-1
саркастичный,-2
удовлетворены,2
сохранить,2
сохранены,2
афера,-2
жульничества,-2
Скандал,-3
Скандальный,-3
Скандалы,-3
козла отпущения,-2
стрелочников,-2
испуг,-2
напуганы,-2
страшно,-2
скептически,-2
ругайте,-2
совок,3
Презрение,-2
пренебрежительное,-2
кричать,-2
кричал,-2
кричать,-2
Крики,-2
ввинчивается,-2
облажались,-3
подонок,-4
безопасный,2
обеспечено,2
обеспечивает,2
крамолы,-2
крамольного,-2
соблазнил,-1
уверенный в себе,2
само-заблуждении,-2
эгоистичны,-3
Эгоизм,-3
Приговор,-2
приговорен,-2
предложения,-2
приговаривая,-2
спокойный,2
тяжелая,-2
сексуальная,3
шатким,-2
Обидно,-2
пристыдил,-2
позорным,-2
Доля,1
общий,1
акций,1
разрушенной,-2
дерьмо,-4
говнюк,-4
хреново,-3
шок,-2
в шоке,-2
шокирует,-2
шоки,-2
стрелять,-1
близоруким,-2
близорукость,-2
нехватка,-2
дефицит,-2
землеройка,-4
застенчивая,-1
больных,-2
Вздох,-2
Значение,1
значительна,1
глушителей,-1
глупо,-1
искренняя,2
искренне,2
искренняя,2
искренность,2
греховно,-3
singleminded,-2
скептик,-2
скептически,-2
Скептицизм,-2
Скептики,-2
слэм,-2
слэш,-2
полоснул,-2
косая черта,-2
сеча,-2
рабство,-3
Бессонница,-2
пятно,2
дождевик,2
сликовое,2
вялым,-2
шлюха,-5
умный,1
умнее,2
смышленым,2
Мазок,-2
улыбка,2
Улыбнулся,2
улыбки,2
улыбаясь,2
смога,-2
подлый,-1
курносый,-2
пренебрежительно,-2
спуск в скважину под давлением,-2
притормаживаний,-2
отрезвляюще,1
Торжественная,-1
твердое тело,2
солидарность,2
Раствор,1
Решения,1
решить,1
решена,1
решает,1
решение проблем,1
Мрачный,-2
своего рода,0
Сукин сын,-5
сукиным сыном,-5
сукин,-5
успокаивают,3
успокаивал,3
успокаивающее,3
элегантный,2
боль,-1
печаль,-2
огорчают,-2
извините,-1
спам,-2
Спамер,-3
спамеры,-3
спам,-2
искры,1
сверкают,3
блестки,3
игристые,3
спекулятивная,-2
дух,1
энергичной,2
бездуховной,-2
злобная,-2
великолепный,3
бодрым,2
хлюпала,-1
колото,-2
зарезал,-2
стабильной,2
удары,-2
стойло,-2
застопорился,-2
сваливания,-2
выносливостью,2
давка,-2
пораженный,-2
голодать,-2
голодали,-2
голодает,-2
голодают,-2
тверды,2
украсть,-2
перехватов,-2
Стереотип,-2
стереотипны,-2
подавил,-1
стимулировать,1
стимулируется,1
стимулирует,1
стимулирующее,2
скуп,-2
украден,-2
стоп,-1
остановился,-1
остановки,-1
останавливается,-1
Толстый,2
прямые,1
странно,-1
как ни странно,-1
задушил,-2
Сила,2
укрепления,2
усилена,2
укрепление,2
укрепляет,2
подчеркнул,-2
стрессора,-2
стрессоры,-2
поражаем,-2
удар,-1
Забастовщики,-2
забастовки,-1
сильный,2
сильнее,2
сильный,2
ударил,-1
борьба,-2
изо всех сил,-2
Борьба,-2
изо всех сил,-2
упрямый,-2
застревают,-2
ошеломлен,-2
ошеломляющим,4
глупый,-2
тупо,-2
обходительный,2
существенным,1
по существу,1
подрывной,-2
Успех,2
успешным,3
сосать,-3
отстой,-3
страдать,-2
страдания,-2
страдает,-2
самоубийству,-2
самоубийство,-2
подали в суд,-2
дуться,-2
надутый,-2
угрюмый,-2
солнце,2
супер,3
превосходное,5
превосходный,2
поддержка,2
поддерживается,2
сторонником,1
сторонников,1
поддерживая,1
поддержку,2
поддерживает,2
выжил,2
выживаем,2
оставшийся в живых,2
Подозреваемый,-1
подозревал,-1
подозревая,-1
подозреваемых,-1
приостановить,-1
приостановлено,-1
подозрительным,-2
клянусь,-2
ругань,-2
клянется,-2
сладкий,2
быстры,2
быстро,2
Мошенничество,-3
аферы,-3
жульничество,-3
отзывчивый,2
симпатия,2
Тард,-2
слезы,-2
нежная,2
напряженной,-2
напряжение,-1
страшная,-3
ужасно,-3
потрясающий,4
в ужасе,-3
террор,-3
терроризировать,-3
терроризировал,-3
терроризирует,-3
спасибо,2
благодарен,2
спасибо,2
тернист,-2
вдумчивый,2
бездумное,-2
угроза,-2
угрожать,-2
под угрозой исчезновения,-2
угрожающим,-2
угрожает,-2
угрозы,-2
взволнован,5
расстроить,-2
сорваны,-2
Срыв,-2
пресекает,-2
робкий,-2
боязливый,-2
усталым,-2
синицы,-2
терпимым,2
беззубая,-2
сверху,2
топы,2
порвана,-2
пытки,-4
пыткам,-4
Пытки,-4
пытать,-4
Тоталитарный,-2
тоталитаризм,-2
рекламируют,-2
расхваливали,-2
зазывание покупателей,-2
рекламирует,-2
Трагедия,-2
Трагическая,-2
тихое,2
ловушка,-1
в ловушке,-2
травмы,-3
травматические,-3
пародия,-2
изменой,-3
изменой,-3
сокровище,2
сокровища,2
Дрожь,-2
трепетная,-2
обманули,-2
обман,-2
триумф,4
торжествующий,4
Беда,-2
беспокойный,-2
неприятности,-2
правда,2
доверие,1
доверенный,2
Опухоль,-2
пизда,-5
некрасиво,-3
неприемлемо,-2
недооцененными,-2
неутвержденные,-2
не знают,-2
невероятно,-1
неверующий,-1
объективной,2
неопределенными,-1
неясно,-1
неудобно,-2
равнодушный,-2
неподтвержденные,-1
убедило,-1
титрах,-1
нерешительности,-1
заниженными,-1
занижены,-1
недооценивает,-1
Недооценка,-1
подрывать,-2
подорвана,-2
подрывает,-2
Подрыв,-2
заслуживающим,-2
нежелательно,-2
непростым,-2
безработица,-2
неравными,-1
Непревзойденный,2
неэтично,-2
несправедливо,-2
сфокусировано,-2
невыполненным,-2
несчастный,-2
нездоровым,-2
унифицированная,1
впечатлило,-2
неумный,-2
объединенная,1
несправедливо,-2
непривлекательным,-2
нелюбимым,-2
бесподобная,1
немотивированная,-2
непрофессионально,-2
не изучены,-2
неудовлетворенным,-2
необеспеченные,-2
невыполненным,-1
неискушенный,-2
неустойчивы,-2
неудержим,2
без поддержки,-2
неуверены,-1
незапятнанной,2
нежелательная,-2
недостойным,-2
расстроен,-2
расстраивает,-2
расстраивает,-2
встревоженный,-2
срочный,-1
полезно,2
полезность,2
бесполезно,-2
бесполезность,-2
расплывчатым,-2
проверки,1
подтверждено,1
Подтверждает,1
проверки,1
Приговор,-1
Приговоры,-1
облачении,1
томление,-2
досадно,-2
яркие,3
порочный,-2
жертва,-3
виктимизировать,-3
виктимизации,-3
определенные жертвы,-3
виктимизации,-3
жертвы,-3
бдительными,3
ничтожного,-3
оправдает,2
доказанным,2
подтверждает,2
подтверждало,2
нарушают,-2
нарушены,-2
нарушает,-2
нарушив,-2
насилие,-3
насильственная,-3
добродетельными,2
вирулентных,-2
видение,1
провидцем,3
концептуализация,1
видения,1
жизнеспособность,3
витамин,1
язвительное,-3
жизнерадостный,3
голосистые,-1
уязвимость,-2
уязвима,-2
забастовка,-2
забастовки,-2
дрочить,-3
хотят,1
война,-2
война,-2
теплый,1
тепло,2
предупреждают,-2
предупредил,-2
предупреждение,-3
предупреждения,-3
предупреждает,-2
отходов,-1
впустую,-2
тратить,-2
колеблясь,-1
слабый,-2
слабость,-2
богатство,3
богатых,2
усталым,-2
плачьте,-2
Плач,-2
странно,-2
Добро пожаловать,2
приветствуется,2
приветствует,2
капризная,1
побелка,-3
шлюха,-4
нечестивые,-2
овдовела,-1
готовность,2
победа,4
победитель,4
победы,4
побед,4
WINWIN,3
пожелает,1
пожелания,1
желая,1
Вывод,-3
удрученный горем,-2
горестный,-3
Вона,3
замечательный,4
Woo,3
Woohoo,3
Wooo,4
woow,4
изношенный,-1
волнуюсь,-3
беспокоиться,-3
беспокойство,-3
хуже,-3
ухудшаться,-3
ухудшилось,-3
ухудшение,-3
ухудшается,-3
поклонялись,3
худшем случае,-3
стоит,2
ничего не стоит,-2
достойно,2
ничего себе,4
WOWOW,4
wowww,4
Вспыльчивый,-3
Крушение,-2
неправильно,-2
обидел,-2
WTF,-4
да,1
Тоска,1
yeees,2
да,1
молодой,2
противный,-2
вкуснятина,3
фанатик,-2
Фанатики,-2
ревностный,2

otkazat'sya,-2
zabrosheny,-2
otkazyvayetsya,-2
pokhishchena,-2
Pokhishcheniye,-2
pokhishcheniy,-2
gnushayushchiyesya,-3
gnushalas',-3
otvratitel'noy,-3
priyemlet,-3
sposobnosti,2
Sposobnost',2
na bortu,1
zaochnaya,-1
absenteistami,-1
snyat',2
osvobozhdalis',2
otpuskayet,2
osvobozhdayushchiye,2
vpityvayetsya,1
zloupotrebleniya,-3
zloupotreblyali,-3
zloupotrebleniya,-3
oskorbitel'nykh,-3
prinimayem,1
prinyato,1
prinimaya,1
prinimayet,1
avariya,-2
sluchayno,-2
sluchayno,-2
neschastnyye sluchai,-2
dostizheniya,2
vypolneno,2
vypolnyayet,2
obvineniye,-2
Obvineniya,-2
obvinyat',-2
obvinyayemyy,-2
obvinyayet,-2
obviniv,-2
Bol',-2
dostizhimymi,1
noyushchiye,-2
opravdayet,2
opravdayet,2
opravdan,2
opravdav,2
zhelchnyy,-3
aktivnyy otdykh,1
adekvatnoy,1
voskhishchayus',3
voskhishchalis',3
voskhishchayetsya,3
voskhishchayas',3
Priznayus',-1
dopuskayet,-1
priznal,-1
uveshchevat',-2
uveshcheval,-2
prinyat',1
prinimayet,1
ocharovatel'ny,3
obozhat',3
obozhal,3
bogotvorit,3
prodvinutyy,1
Preimushchestvo,2
Preimushchestva,2
priklyucheniye,2
priklyucheniya,2
avantyurnyy,2
postradavshikh,-1
lyubov',3
laskovaya,3
strazhdushchikh,-1
oskorblennym,-1
boyus',-2
obostrit',-2
usugublyayutsya,-2
obostryayet,-2
otyagchayushchim,-2
agressiya,-2
agressiy,-2
agressivnyy,-2
oshelomleny,-2
vzbudorazhen,2
muchit'sya,-3
muchilsya,-3
agonises,-3
muchitel'nyy,-3
muchit'sya,-3
muchilsya,-3
muchayetsya,-3
muchitel'nyy,-3
soglasen,1
priyatnyy,2
soglasilsya,1
Soglasheniye,1
soglashayetsya s tem,1
signalizatsiya,-2
vstrevozheny,-2
paniker,-2
panikery,-2
uvy,-1
preduprezhdeniye,-1
otchuzhdeniye,-2
zhiv,1
allergicheskiy,-2
pozvolyayut,1
v odinochku,-2
porazhayut,2
porazheny,2
Porazhayet,2
Udivitel'no,4
ambitsiozny,2
dvoystvennoye,-1
zabavlyat',3
pozabavilo,3
razvlecheniy,3
uveseleniya,3
gnev,-3
vozmushchayet,-3
serditsya,-3
nadryv,-3
muchitel'nyy,-3
Vrazhdebnost',-2
razdrazhayut,-2
Razdrazheniye,-2
razdrazhen,-2
razdrazhayet,-2
dosazhdayet,-2
antagonisticheskiye,-2
anti,-1
predvkusheniye,1
trevoga,-2
bespokoystvo,-2
apatichnymi,-3
apatiya,-3
apeshit,-3
apokalipticheskaya,-2
Izvinyayus',-1
izvinilsya,-1
izvinyayetsya,-1
izvinyayas',-1
Izvinyayus',-1
izvinilsya,-1
izvinyayetsya,-1
izvinyayas',-1
Izvineniye,-1
potryaseny,-2
uzhasayushchimi,-2
umirotvorit',2
uspokoyen,2
umirotvoryayet,2
umirotvoreniya,2
aplodiruyut,2
aplodirovali,2
aplodiruyut,2
aplodiruyet,2
aplodismenty,2
tsenyat,2
Ponyatno,2
otsenivayet,2
otsenivaya,2
otsenka,2
opasayushchiysya,-2
utverzhdeniye,2
utverzhden,2
utverzhdayet,2
plamennyy,1
arest,-2
arestovan,-3
aresty,-2
vysokomernyy,-2
ashame,-2
stydno,-2
popka,-4
ubiystvo,-3
ubiystva,-3
aktivov,2
aktivy,2
zhopu,-4
mudak,-4
izumilis',2
izumit',3
izumlen,3
porazitel'na,3
izumitel'no,3
izumlyayet,3
ataka,-1
atakoval,-1
atakovat',-1
ataki,-1
privlekat',1
prityagivayutsya,1
privlecheniye,2
prityazheniye,2
dostoprimechatel'nosti,2
privlekayet,1
derzkaya,3
organ,1
predotvratit',-1
predotvrashchena,-1
otvrashchayet,-1
alchnyy,2
izbezhat',-1
izbegat',-1
izbegayet,-1
Await,-1
zhdali,-1
zhdet,-1
nagrady,3
nagrazhden,3
nagrady,3
udivitel'nym,4
uzhasno,-3
neuklyuzhiy,-2
akh,-1
uvoleno,-1
podderzhal,1
podlozhka,2
spiny,1
plokho,-3
zadira,-3
plokho,-3
katapul'tirovaniye,-2
naduvat',-2
oduracheny,-2
bamboozles,-2
Zapret,-2
progonyat',-1
bankrotom,-3
bankster,-3
zapreshchen,-2
sdelka,2
bar'yer,-2
svoloch',-5
svolochi,-5
boy,-1
srazheniy,-1
izbili,-2
Blazhennaya,3
Izbiyeniye,-1
krasavits,3
krasivyye,3
krasivo,3
ukrasit,3
umalyayet,-2
prinizhayetsya,-2
vozlyublennyye,3
vygoda,2
Preimushchestva,2
izvlek vygodu,2
izvlecheniye preimushchestv,2
lishayu,-2
bezdetnym,-2
bereaves,-2
bereaving,-2
luchshe vsego,3
predayut,-3
predatel'stvo,-3
obmanutymi,-3
predatel'stve,-3
predayet,-3
luchshe,2
smeshcheniya,-1
predvzyatym,-2
bol'shoy,1
suka,-5
suki,-5
gor'kogo,-2
gor'ko,-2
stranno,-2
bla,-2
vinovat,-2
vinil,-2
vinit,-2
obvinyat',-2
blagoslovi,2
blagoslovlyayet,2
Blago,3
shtora,-1
blazhenstvo,3
blazhennaya,3
zhizneradostnyy,2
blok,-1
blokbaster,3
zablokirovan,-1
blokirovaniye,-1
bloki,-1
krovavyy,-3
razmyto,-2
khvastlivyy,-2
poluzhirnyy,2
smelo,2
Bomba,-1
uvelichit',1
rostu,1
povysheniye,1
forsiruyet,1
zanuda,-2
skuchno,-2
rastochnyye,-3
zamorachivat'sya,-2
nadoyelo,-2
nadoyedayet,-2
nadoyedlivym,-2
Boykot,-2
boykotirovali,-2
boykota,-2
boykoty,-2
promyvaniya mozgov,-3
khrabryy,2
proryv,3
zakhvatyvayushchiy,5
podkup,-3
yarkiy,1
yarkiye,2
Yarkost',1
blestyashchiy,4
boykaya,2
slomal,-1
slomannyy,-1
zadumchivyy,-2
zapugivayut,-2
fignyu,-4
zadira,-2
izdevatel'stva,-2
oblom,-2
plavuchest',2
Bremya,-2
obremenennyye,-2
otyagoshcheniya,-2
obremeneniya,-2
spokoynyy,2
uspokoili,2
uspokaivayushchim,2
uspokaivayetsya,2
ne mozhet stoyat',-3
otmenit',-1
otmenen,-1
otmena,-1
otmenyayet,-1
rak,-1
sposobnyy,1
plenen,3
ukhod,2
bezzabotnyye,1
ostorozhny,2
ostorozhno,2
nebrezhnoye,-2
zabotitsya,2
nazhivayutsya,-2
ot neschastnykh sluchayev,-2
katastrofa,-3
katastroficheskimi,-4
ostorozhno,-1
otmechayut,3
proslavlennyy,3
otmechayet,3
prazdnovaniye,3
tsenzor,-2
tsenzuroy,-2
tsenzory,-2
Navernyaka,1
ogorcheniye,-2
ogorchennym,-2
vyzov,-1
shans,2
Shansy,2
khaos,-2
khaotichno,-2
zaryazhena,-3
zaryady,-2
Ocharovaniye,3
ocharovatel'nyy,3
nepriglyadnyy,-3
nakazav,-3
nakazannyye,-3
otchityvayet,-3
karayushchaya,-3
obmanyvat',-3
obmanutymi,-3
Zhulik,-3
moshenniki,-3
chity,-3
razveselit',2
poveselel,2
veselyy,2
aplodismenty,2
neveselyy,-2
veselit,2
radostnaya,3
leleyat',2
leleyal,2
leleyet,2
leleya,2
shik,2
detski,-2
pugayushchim,-1
drossel',-2
dushil,-2
drosseli,-2
udush'ye,-2
proyasnyayet,2
yasnost',2
stolknoveniye,-2
klassnykh,3
chistyy,2
ochistitel',2
yasno,1
rasseyalsya,1
yasno,1
ochishchayet,1
umnyy,2
zatumaneno,-1
nevezhestvennyy,-2
petukh,-5
chlenosos,-5
cocksuckers,-5
derzkim,-2
prinuzhdayut,-2
razrushat'sya,-2
svernutyy,-2
obvaly,-2
rushitsya,-2
stalkivayutsya,-1
stalkivayets,-1
stalkivayas',-1
stolknoveniye,-2
stolknoveniya,-2
sgovore,-3
boy,-1
boretsya,-1
komedii,1
komfort,2
udobnyye,2
uteshitel'nyye,2
udobstva,2
odobryayem,2
privetstvovat',2
fiksatsii,1
priverzhennost',2
sovershayet,1
sovershennyye,1
soversheniye,1
sostradatel'nym,2
vynuzhdennyy,1
kompetentnyy,2
konkurentnaya,2
samodovol'nymi,-2
zhaluyutsya,-2
zhalovalsya,-2
zhaluyetsya,-2
vseob yemlyushchego,2
primiryat,2
primirilo,2
primiryayet,2
primirenii,2
osuzhdayu,-2
osuzhdeniye,-2
osuzhdal,-2
osuzhdayet,-2
uverennost',2
uverennyy v sebe,2
konflikt,-2
protivorechivymi,-2
konfliktnyy,-2
konflikty,-2
zaputat',-2
zaputat'sya,-2
zaputannym,-2
Congrats,2
Pozdravlyayu,2
pozdravlenii,2
pozdravleniya,2
soglasiye,2
soglasiy,2
consolable,2
Zagovor,-3
ogranicheny,-2
Zaraza,-2
zaraz,-2
zaraznym,-1
Prezreniye,-2
prezritel'noye,-2
prenebrezhitel'no,-2
utverzhdayut,-1
sopernik,-1
sopernichayushchikh,-1
spornymi,-2
spornymi,-2
spornym,-2
sporno,-2
ubedit',1
ubezhdeny,1
ubezhdayet,1
kompaneyskiy,2
kruto,1
kholodnoye veshchestvo,3
zagnan v ugol,-2
Trup,-1
dorogostoyashchim,-2
Muzhestvo,2
muzhestvennyy,2
vezhlivym,2
vezhlivost',2
Sokrytiye,-3
trus,-2
truslivoye,-2
Uyut,2
sudoroga,-1
der'mo,-3
avarii,-2
bezumneye,-2
bezumnaya,-2
sumasshedshiy,-2
tvorcheskiy,2
udruchennym,-2
vskrichal,-2
plachet,-2
prestupleniye,-3
prestupnik,-3
prestupniki,-3
krizis,-3
kritik,-2
kritika,-2
kritikovat',-2
kritike,-2
kritikuyet,-2
kritikuya,-2
kritiki,-2
zhestok,-3
zhestokost',-3
razdavit',-1
razdavlena,-2
drobleniyem,-1
drobleniye,-1
plach',-1
placha,-2
pizda,-5
Lyubopytno,1
Proklyatiye,-1
vyrezat',-1
milo,2
porezy,-1
rezka,-1
Tsinik,-2
tsinichnaya,-2
Tsinizm,-2
povrezhdeniye,-3
povrezhdeniya,-3
blin,-4
proklyatyy,-4
Proklyat'ye,-4
opasnost',-2
smel'chak,2
smelaya,2
mrachnykh,-2
temnota,-1
Neustrashimyy,2
mertv,-3
tupikovoy,-2
Oglushitel'nyy,-1
dorogaya,2
dorogo,3
smert',-2
zhizneradostnyy,2
dolg,-2
kovarstvo,-3
Lukavo,-3
obmanyvat',-3
obmanut,-3
obol'shchayet,-3
obmanyvat',-3
obman,-3
Reshayushchim,1
posvyashchennyy,2
porazheniye,-2
defekt,-3
defekty,-3
zashchitnik,2
Zashchitniki,2
bezzashchitnym,-2
otlozhit',-1
otkladyvaya,-1
vyzyvayushche,-1
defitsit,-2
degradiruyut,-2
degradirovali,-2
degradiruyet,-2
degumanizatsii,-2
degumanizirovali,-2
degumaniziruyet,-2
degumanizatsiya,-2
ugnetat',-2
udruchennym,-2
dejecting,-2
dejects,-2
Zaderzhka,-1
zaderzhka,-1
naslazhdeniye,3
rad,3
uvlechennyy,3
izyski,3
spros,-1
potreboval,-1
trebovatel'nyy,-1
Trebovaniya,-1
demonstratsiya,-1
demoralizovany,-2
otkazano,-2
den'ye,-2
otritsateli,-2
otritsayet,-2
denonsirovat',-2
oblichayet,-2
otritsat',-2
otritsaya,-2
depressii,-2
ugnetayushchim,-2
otkos,-2
Derailed,-2
soshel s rel'sov,-2
vysmeivat',-2
vysmeivali,-2
vysmeivayet,-2
vysmeivaya,-2
vysmeivaniye,-2
Zhelatel'no,2
zhelaniye,1
zhelatel'no,2
zhelaya,2
otchayaniye,-3
otchayavshiysya,-3
otchaivayetsya,-3
otchayannym,-3
otchayanno,-3
podavlennym,-3
unichtozhit',-3
razrushen,-3
unichtozheniye,-3
razrushayet,-3
razrusheniye,-3
destruktivnym,-3
otdel'no stoyashchiy,-1
zaderzhat',-2
zaderzhan,-2
zaderzhaniye,-2
opredelyayetsya,2
opustoshit',-2
opustoshen,-2
razrushitel'nymi,-2
posvyashchennyy,3
almaz,1
chlen,-4
pridurok,-4
umeret',-3
umer,-3
trudno,-1
neuverennyye,-2
Dilemma,-1
dipshit,-3
plachevnymi,-3
zloveshchiy,-3
gryaz',-2
gryazneye,-2
gryaznoye,-2
gryaznyy,-2
otklyucheniye,-1
Nedostatok,-2
obezdolennym,-2
ischezayut,-1
ischez,-1
ischezayet,-1
razocharovat',-2
razocharovan,-2
razocharovaniye,-2
razocharovaniye,-2
Razocharovaniya,-2
razocharovyvayet,-2
stikhiynykh bedstviy,-2
bedstviya,-2
Uzhasnyy,-3
veruyut,-2
otbrasyvat',-1
otbrasyvayutsya,-1
otbrasyvaya,-1
vykidyvayet,-1
bezuteshnyy,-2
disconsolation,-2
nedovol'nym,-2
dissonans,-2
sbrasyvat' so schetov,-1
unyvayet,-2
diskreditirovan,-2
Prezreniye,-2
Pozor,-2
opal'nyy,-2
maskirovat',-1
zamaskirovany,-1
maskirovka,-1
utaivaniya,-1
Otvrashcheniye,-3
protiven,-3
otvratitel'noye,-3
obeskurazhena,-2
nechestnyy,-2
razocharovannyy,-2
sklonno,-2
neposledovatelen,-2
bol'she vsego ne nravitsya,-2
unylaya,-2
vstrevozheny,-2
rasstroystvo,-2
dezorganizovany,-2
dezoriyentirovany,-2
prenebrezhitel'no,-2
prenebrezhitel'no,-2
prenebrezhitel'no,-2
prenebrezhitel'no,-2
nedovol'na,-2
spor,-2
osparivayutsya,-2
spory,-2
rassuzhdenii,-2
diskvalifitsirovany,-2
bespokoystvo,-2
Prenebrezheniye,-2
prenebregli,-2
ne obrashchaya vnimaniya,-2
ne prinimayet vo vnimaniye,-2
neuvazheniyem,-2
neuvazhitel'no,-2
narusheniya,-2
sryvy,-2
razrushitel'nymi,-2
nedovol'ny,-2
iskazhat',-2
iskazhayetsya,-2
iskazhaya,-2
iskazhayetsya,-2
otvlekayut,-2
otvlekayetsya,-2
otvlecheniye,-2
otvlekayet vnimaniye,-2
bedstviya,-2
sokrushalis',-2
ogorchayet,-2
ogorchayet,-2
Nedoveriye,-3
nedoverchivy,-3
trevozhit',-2
narushennyy,-2
trevozhnaya,-2
bespokoit,-2
razmyvaniya,-2
golovokruzheniye,-1
osvetleniye,-2
khitroumnyy,-2
ne rabotayet,-3
grustnyy,-2
ne nravitsya,-2
dum,-2
obrecheno,-2
somneniya,-1
somnevalsya,-1
Somnitel'no,-1
somnevayas',-1
somneniya,-1
oblivaniye,-3
Douchebag,-3
ponuryy,-2
unyvayut,-2
oborotnaya storona,-2
soprotivleniye,-1
tashchili,-1
tashchit,-1
slivayut,-2
strashit'sya,-2
strashilas',-2
uzhasno,-3
Boyas',-2
vo sne,1
mechty,1
mutorno,-2
Droopy,-2
padeniye,-1
utonut',-2
utonul,-2
tonet,-2
p'yan,-2
somnitel'na,-2
beznadezhnyy,-2
tusklymi,-2
nemoy,-3
tupitsa,-3
svalka,-1
sbrasyvali,-2
otvalov,-1
nadut',-2
obmanut,-2
disfunktsii,-2
energichny,2
ser'yoznost',2
legkost',2
Legko,1
ekstaze,4
Zhutkiy,-2
sverkh yestestvennyy,-2
effektivnaya,2
effektivno,2
pripodnyatoye,3
Vostorg,3
elegantnyy,2
elegantno,2
smushchat',-2
smushchennyy,-2
smushchayut,-2
nelovko,-2
zatrudneniyem,-2
ozloblennyye,-2
obnimayutsya,1
avariynaya situatsiya,-2
chutkimi,2
pustota,-1
pusto,-1
Ocharovannyy,2
pooshchryat',2
osvobozhdennyye,2
pooshchreniye,2
pooshchryayet,2
odobrit',2
odobril,2
Odobreniye,2
odobryayet,2
vragi,-2
vrag,-2
energichnyy,2
zanimat'sya,1
vkhodit v zatsepleniye,1
pogloshcheny,1
naslazhdat'sya,2
naslazhdayas',2
pol'zuyetsya,2
prosvetit',2
prosvetlennym,2
pouchitel'no,2
prosveshchayet,2
skuka,-2
besyat,-2
Razgnevannyy,-2
besit,-2
prognevit',-2
voskhishchat',3
porabotit',-2
poraboshcheny,-2
poraboshchayet,-2
obespechit',1
obespecheniye,1
Predpriimchivyy,1
razvlekatel'nyye,2
uvlekat',3
entuziazma,3
pravo,1
dovereno,2
zaviduyet,-1
zavistlivyye,-2
zaviduyu,-1
zavist',-1
oshibochny,-2
oshibka,-2
Oshibki,-2
bezhat',-1
uskol'zayet,-1
spasayas',-1
pochitala,2
eticheskikh,2
eyforiya,3
eyforii,4
Vyseleniye,-1
zlo,-3
preuvelichivayut,-2
preuvelicheny,-2
preuvelichivayet,-2
preuvelichivaya,-2
razdrazhennyy,2
sovershenstvo,3
otlichno,3
vozbuzhdayut,3
vozbuzhden,3
volneniye,3
zakhvatyvayushchiy,3
isklyuchit',-1
isklyucheno,-2
isklyucheniye,-1
eksklyuzivnyye,2
prostite,-1
osvobozhdeny,-1
ischerpany,-2
navesele,3
exhilarates,3
volnuyushchiy,3
osvobodit' ot otvetstvennosti,2
osvobozhden ot otvetstvennosti,2
reabilitiruyet,2
opravdatel'nyye,2
rasshirit',1
rasshiryayetsya,1
vysylat',-2
isklyuchen,-2
vydvorenii,-2
vygonyayet,-2
ekspluatirovat',-2
ekspluatirovali,-2
ekspluatatsii,-2
Podvigi,-2
razvedochnyye raboty,1
Issledovaniya,1
razoblachit',-1
razoblacheny,-1
vystavlyayet,-1
obnazhaya,-1
prodlit',1
prodolzhayetsya,1
buynyy,4
likuyushchiy,3
likuya,3
skazochnyye,4
prichuda,-2
pidor,-3
pedik,-3
pediki,-3
poterpet' neudachu,-2
ne udalos',-2
neudachu,-2
vykhodit iz stroya,-2
nedostatochnost',-2
neudachi,-2
malodushnykh,-2
spravedlivoy,2
vera,1
vernaya,3
poddelka,-3
poddelkami,-3
pritvoryayetsya,-3
upal,-2
padeniya,-1
fal'sifitsirovany,-3
poddelyvat',-3
slava,1
ventilyator,3
fantasticheskiye,4
farsom,-1
ocharovyvat',3
uvlechen,3
zavorazhivayet,3
uvlekatel'nym,3
fashist,-2
Fashisty,-2
so smertel'nym iskhodom,-3
smertel'nym iskhodom,-3
ustalost',-2
utomleniye,-2
pereutomleniya,-2
utomitel'no,-2
blagopriyatstvuyut,2
blagopriyatstvovaniya,2
lyubimaya,2
dobavil v izbrannoye,2
izbrannoye,2
blagosklonnosti,2
strakh,-2
strakh,-2
opasayas',-2
besstrashnym,2
Strashnyy,-2
syt,-3
slabyy,-2
chuvstvo,1
tyazhkikh prestupleniy,-3
feloniya,-3
pylkim,2
pylkaya,2
prazdnichnaya,2
Fiasko,-3
suyetliv,-2
borot'sya,-1
otlichno,2
ogon',-2
vystrelil,-2
strel'ba,-2
nuzhnym,1
fitnes,1
Flagman,2
spasayetsya,-1
flop,-2
plyukhayetsya,-2
gripp,-2
vzvolnovannyy,-2
sosredotochennyy,2
lyubyat,2
Nezhnost',2
durak,-2
Glupo,-2
duraki,-2
prinuditel'naya,-1
obrashcheniye vzyskaniya,-2
poteri prava vykupa,-2
zabyt',-1
zabyvchiv,-2
prostite,1
proshchayushchiy,1
zabyli,-1
povezlo,2
besitsya,-1
moshennichestvo,-4
moshenniki,-4
Moshennik,-4
moshenniki,-4
moshennichestvo,-4
moshennicheskim,-4
besplatno,1
svoboda,2
bezumstvo,-3
svezhiy,1
druzhelyubnyy,2
ispug,-2
ispugavshis',-2
pugayushchey,-3
frikin,-2
rezvyy,2
nakhmurivshis',-1
rasstroit',-2
razocharovaniye,-2
rasstraivayet,-2
razocharovaniye,-2
razocharovaniye,-2
FTW,3
yebat',-4
trakhal,-4
rasputnik,-4
lokhi,-4
fuckface,-4
fuckhead,-4
blya,-4
fucktard,-4
FUD,-3
fuked,-4
fuking,-4
vypolnit',2
vypolneno,2
vypolnyayet,2
dymyashchey,-2
veselo,4
Pokhorony,-1
pokhorony,-1
fank,2
smeshneye,4
smeshno,4
yarosti,-3
tshchetny,2
klyap,-2
klyapom vo rtu,-2
poluchit',2
poluchil,2
polucheniye,2
pribyli,2
galanten,3
galantno,3
galantnost',3
shchedr,2
dobrodushnyy,3
prizrak,-1
legkomyslennyy,-2
podarok,2
rad,3
glamurno,3
glamurno,3
likovaniya,3
likuyushchiy,3
Mrak,-1
mrachnyy,-2
slavnyy,2
slava,2
ugryumyy,-2
bog,1
proklyatyy,-3
nakhodkoy,4
khorosho,3
blagost',3
blagodat',1
lyubeznyy,3
Grand,3
Grant,1
predostavlyayetsya,1
predostavleniye,1
granty,1
priznatel'na,3
udovletvoreniye,2
Mogila,-2
seryy,-1
bol'shoy,3
bol'she,3
Naibol'sheye,3
zhadnost',-3
zhadnyy,-2
zelenyy myt',-3
zelenyy moyka,-3
zelenyy kamuflyazh,-3
greenwasher,-3
greenwashers,-3
Greenwashing,-3
zdorovayutsya,1
pozdorovalsya,1
privetstviye,1
privet,2
privetstvuyet,1
seryy,-1
gore,-2
goreval,-2
brutto,-2
rastet,1
rost,2
garantiya,1
chuvstvo viny,-3
vinovnym,-3
legkoveriye,-2
doverchivy,-2
pistolet,-1
ga,2
vzloman,-1
kha-kha,3
khakhakha,3
hahahah,3
grada,2
rastsenena,2
Neschastnyy,-2
haplessness,-2
schast'ye,3
schastlivym,3
trudno,-1
vynosliveye,2
rabotu v trudnykh usloviyakh,-2
vynoslivyye,2
vreda,-2
vred,-2
vreden,-2
Vredonosnost',-2
Kharms,-2
zatravlennyye,-2
rezkiy,-2
rezche,-2
surovyye,-2
Nenavizhu,-3
nenavideli,-3
nenavistniki,-3
nenavidit,-3
Nenavidet',-3
budorazhit',-1
privideniyami,-2
zapominayushchiysya,1
chasto poseshchayet,-1
opustosheniye,-2
zdorovyye,2
dusherazdirayushchaya,-3
ubityy gorem,-3
serdechnoye,3
nebo,2
rayskoye,4
heavyhearted,-2
ad,-4
pomoshch',2
polezno,2
pomogaya,2
bespomoshchnym,-2
pomogayet,2
geroy,2
geroi,2
geroicheskaya,3
nereshitel'nost',-2
koleblyas',-2
spryatalsya,-1
skryt',-1
skryvayet,-1
pryachas',-1
Izyuminkoy,2
veselyy,2
prepyatstviye,-2
mistifikatsiyey,-2
toska po domu,-2
Chestno govorya,2
Pochitaniye,2
chest',2
Pochitaniye,2
khuligan,-2
khuliganstvo,-2
khuligany,-2
nadeyus',2
nadeyetsya,2
Budem nadeyat'sya,2
beznadezhnym,-2
Beznadezhnost',-2
nadezhdy,2
nadeyas',2
uzhasayushchim,-3
uzhasnyy,-3
uzhasayushchim,-3
uzhasnulsya,-3
vrazhdebnoy,-2
barygi,-2
ob yatiye,2
Ogromnyy,1
ob yatiy,2
humerous,3
unizhennym,-3
unizheniye,-3
yumor,2
s chuvstvom yumora,2
yumor,2
yumoristicheskiye,2
golod,-2
ura,5
bol'no,-2
bol'no,-2
bolit,-2
litsemernoy,-2
Isteriya,-3
isterika,-3
Isterika,-3
idiot,-3
idiotskaya,-3
nevezhestvo,-2
nevezhestvennyye,-2
ignorirovat',-1
ignoriruyetsya,-2
ignoriruyet,-1
bol'noy,-2
nezakonnym,-3
negramotnost',-2
bolezn',-2
bolezni,-2
nenormal'nyy,-3
obezdvizheny,-1
bessmertna,2
Immunnaya,1
neterpeliv,-2
nesovershenny,-2
vazhnost',2
vazhno,2
navyazyvayu,-1
navyazyvat'sya,-1
navyazyvayet,-1
vnushitel'no,-1
impotent,-2
proizvesti vpechatleniye,3
vpechatleniye,3
vpechatlyayet,3
vpechatlyayet,3
zaklyucheny v tyur'mu,-2
uluchshit',2
uluchshilos',2
uluchsheniye,2
uluchshayetsya,2
uluchsheniye,2
Nesposobnost',-2
Bezdeystviye,-2
neadekvatnymi,-2
nedeyesposobnym,-2
nedeyesposobnym,-2
razgnevan,-2
Nekompetentnost',-2
nekompetentnym,-2
nevnimatel'nyy,-2
Neudobstvo,-2
neudobno,-2
uvelichit',1
uvelichilas',1
nereshitel'nyy,-2
nerushimoy,2
Ravnodushiye,-2
ravnodushny,-2
vozmushchalsya,-2
Vozmushcheniye,-2
zombirovaniya,-2
vnushali,-2
nastavlyayet,-2
indoktrinatsii,-2
neeffektivna,-2
maloeffektivno,-2
uvlechen,2
Uvlecheniye,2
infitsirovannykh,-2
khuzhe,-2
vospalennyye,-2
vliyatel'nyy,2
narusheniye,-2
razozlit,-2
Raz yarennaya,-2
besit,-2
beshenstvo,-2
ingibirovat',-1
raneniya,-2
travmy,-2
nespravedlivost',-2
innovatsii,1
innovatsi,1
innovatsii,1
innovatsionnyye,2
Inkvizitsiya,-2
Lyuboznatel'nyy,2
nevmenyayemym,-2
marazm,-2
nebezopasnym,-2
nechuvstvitel'na,-2
nechuvstvitel'nost',-2
neznachitel'na,-2
presnym,-2
vdokhnoveniye,2
vdokhnovennyy,2
vdokhnovlyat',2
vdokhnovennyy,2
vdokhnovlyayet,2
vdokhnovlyayushchim,3
oskorbleniye,-2
oskorblyali,-2
Obidno,-2
oskorbleniy,-2
netronutym,2
Tselostnost',2
umnyy,2
intensivnyy,1
Interes,1
interesno,2
interesno,2
interesy,1
oproshennykh,-2
preryvaniye,-2
preryvat'sya,-2
perebivaya,-2
preryvaniye,-2
preryvayet,-2
zapugat',-2
zapugivali,-2
zapugivayet,-2
pugayushchim,-2
zapugivaniyem,-2
zaputannymi,2
Intrigi,1
nepobedima,2
priglasit',1
priglashaya,1
neuyazvimym,2
razgnevannyy,-3
ironichnyy,-1
Ironiya,-1
irratsional'nym,-1
nepreodolimym,2
nereshitel'nyy,-2
bezotvetstvenno,2
neobratimy,-1
razdrazhayut,-3
razdrazhennoy,-3
razdrazhayushchim,-3
izolirovannyye,-1
zudit,-2
Chudaki,-4
osly,-4
zaklyucheny v tyur'mu,-2
boykiy,2
revnovat',-2
pod ugrozoy sryva,-2
pridurok,-3
iisus,1
dragotsennyy kamen',1
dragotsennosti,1
shutlivyy,2
prisoyedinit'sya,1
shutka,2
shutki,2
vesel,2
bodryy,2
radost',3
radostnaya,3
radostno,3
bezradostnoye,-2
zhiznelyubiye,3
likovali,3
nervnymi,-1
spravedlivost',2
opravdanno,2
opravdanno,2
uvlechena,1
ubit',-3
ubit,-3
ubiystvo,-3
ubivayet,-3
vid,2
dobreye,2
tseluyutsya,2
prestizhnost',3
ne khvatayet,-2
vyalyy,-2
lag,-1
otstaval,-2
Otstavaniye,-2
lagi,-2
khromykh,-2
dostoprimechatel'nost',2
smeyat'sya,1
smeyalsya,1
smeyas',1
smeyetsya,1
Smeyetsya,1
zapushchen,1
Lawl,3
Isk,-2
sudebnyye protsessy,-2
lenivym,-1
utechki,-1
prosochilas,-1
ostavit,-1
pravovyye,1
na zakonnykh osnovaniyakh,1
sniskhoditel'ny,1
vyaloy,-2
vyalost,-2
lzhets,-3
lzhetsy,-3
klevetnicheskim,-2
lgal,-2
spasatelem,4
bezzabotnyy,1
kak,2
ponravilos',2
lyubit,2
ogranicheniye,-1
ogranicheno,-1
Predely,-1
sudebnyye protsessy,-1
sutyazhnicheskiy,-2
zhivoy,2
mertvenno bleden,-2
LMAO,4
LMFAO,4
nenavidyat,-3
nenavideli,-3
prezirayet,-3
omerzeniye,-3
Lobbi,-2
lobbirovaniye,-2
lol,3
odinoko,-2
odinoka,-2
toska,-1
tkatskiy stanok,-1
mayachili,-1
mayachit,-1
tkatskikh stankov,-1
rykhlyy,-3
teryayet,-3
neudachnik,-3
proigryshnaya,-3
poteri,-3
uteryan,-3
milym,3
lyubov',3
lyubil,3
krasotki,3
simpatichnyy,3
Lyubyashchiy,2
nizkiy,-1
vernyy,3
loyal'nosti,3
udachi,3
K schast'yu,3
povezlo,3
mrachnaya,-2
Bessmyslennyy,-3
lunatiki,-3
tait'sya,-1
skryvayas',-1
taitsya,-1
uma,-3
svodyashchiy s uma,-3
vydumannyye,-1
bezumno,-3
bezumiye,-3
obyazatel'nym,-1
manipuliruyut,-1
manipuliruya,-1
manipulyatsii,-1
divo,3
divno,3
chudesami,3
shedevr,4
shedevry,4
materiya,1
voprosy,1
zrelyye,2
soderzhatel'nym,2
bessmyslenny,-2
medal',3
posredstvennost',-3
meditativnaya,1
melankholii,-2
Ugroza,-2
grozila,-2
milost',2
vesolaya,3
besporyadok,-2
pereputalis',-2
Messing,-2
metodicheskaya,2
bezdumnoye,-2
chudo,4
veselost',3
veselym,3
mirthfully,3
shalit',-2
vspylila,-2
plokho sebya vedet,-2
plokhoye povedeniye,-2
balovstvo,-1
shalosti,-1
neschastnymi,-3
nishcheta,-2
opaseniye,-2
dezinformatsiya,-2
dezinformirovali,-2
neverno istolkovany,-2
vvodit v zabluzhdeniye,-3
nepravil'no ponyal,-1
nedostovernoy informatsii,-2
vvedeniye v zabluzhdeniye,-2
miss,-2
propustil,-2
nedostayushcheye,-2
oshibka,-2
oshibayetes',-2
oshibki,-2
sputat',-2
nepravil'no ponimayut,-2
nedorazumeniye,-2
nepravil'no ponimayet,-2
neponyatyy,-2
stonat,-2
stonal,-2
stony,-2
Stony,-2
izdevat'sya,-2
nasmekhalis',-2
nasmeshlivaya,-2
izdevayetsya,-2
spekulyatsiya,-2
monopolizatsii,-2
monopolizirovany,-2
monopoliziruyet,-2
monopolizatsii,-2
kapriznyy,-1
khandrit',-1
khandrit',-1
debil,-3
ublyudka,-5
ublyudok,-5
motivirovat',1
motivirovano,2
motiviruyushchim,2
motivatsiya,1
skorbim,-2
skorbeli,-2
skorbnaya,-2
traur,-2
skorbit,-2
nadutyy,-2
ubiystvo,-2
ubiytsa,-2
ubiystvo,-3
ubiystvennyy,-3
ubiystva,-2
mif,-1
n00b,-2
naivnyye,-2
protivnyy,-3
yestestvenno,1
naivnym,-2
nuzhdayushchimsya,-2
otritsatel'nyy,-2
negativnost',-2
beznadzornosti,-2
prenebrech',-2
iznurenii,-2
prenebregayet,-2
nervy,-1
nervnoy,-2
nervno,-2
khorosho,3
izyashchnaya,2
niggery,-5
nigger,-5
net,-1
nikakogo udovol'stviya,-3
Blagorodnyy,2
shumnym,-1
bred,-2
nub,-2
pronyrlivyy,-2
ne khorosho,-2
ne rabotayet,-3
preslovutaya,-2
Roman,2
onemeniye,-1
orekhi,-3
steret' s litsa zemli,-2
stirayetsya,-2
nepriyatny,-3
nepristoynym,-2
oderzhimyy,2
ustareli,-2
prepyatstviye,-2
prepyatstviya,-2
upryamyy,-2
Stranno,-2
obidet',-2
obizhennyy,-2
Prestupnik,-2
obizhaya,-2
oskorblyayet,-2
v avtonomnom rezhime,-1
OKS,2
zloveshchim,3
odin raz v zhizni,-3
vozmozhnosti,2
vozmozhnost',2
ugnetennogo,-2
gnetushchaya,-2
optimizm,2
optimizm,2
optionless,-2
Protest,-2
perekhitrili,-2
Vozmushcheniye,-3
vozmushchen,-3
autrich,2
vydayushchiysya,5
vne sebya ot radosti,4
peregruzka,-1
upuskat' iz vidu,-1
peregnut' palku,-2
pereuserdstvoval,-2
chrezmernaya reaktsiya,-2
boleznenno reagiruyet,-2
pereotsenivat',-2
pereprodannosti,-2
oversells,-2
uproshcheniyem,-2
uproshchenno,-2
ogrublyayet,-2
uproshchat',-2
preuvelicheniye,-2
preuvelicheniy,-2
izbytochnyy ves,-1
oksyumoron,-1
bol',-2
stradal'cheski,-2
panika,-3
zapanikoval,-3
panikuyet,-3
ray,3
Paradoks,-1
pardon,2
pomilovan,2
Pomilovaniye,2
pomilovaniya,2
Farli,-1
strastnyy,2
passivnyy,-1
passivno,-1
zhalkaya,-2
platit',-1
mir,2
mirnyy,2
mirno,2
Shtraf,-2
zadumchivyy,-1
sovershennym,3
usovershenstvoval,2
otlichno,3
sovershenstvuyet,2
Opasnosti,-2
lzhesvidetel'stvo,-3
vinovnyy,-2
Prestupniki,-2
nedoumevali,-2
gnat',-2
presleduyutsya,-2
presleduyet,-2
gonish',-2
vozmushchennyy,-2
nadoyedlivaya,-2
pessimizm,-2
pessimistichno,-2
okamenela,-2
fobii,-2
zhivopisnoye,2
nagon,-1
Pike,-2
zadeto,-2
ssat',-4
obozlennyy,-4
pisayet,-3
zhalkoye,-2
zhalela,-1
Zhal',-2
igrivyy,2
priyatnyy,3
pozhaluysta,1
dovolen,3
udovol'stviye,3
sbalansirovan,-2
yad,-2
otravlen,-2
yady,-2
zagryaznyayet okruzhayushchuyu sredu,-2
zagryaznennaya,-2
zagryaznitel',-2
zagryaznitelyami,-2
zagryaznyayet,-2
bednykh,-2
bedneye,-2
bednykh,-2
populyarnyy,3
polozhitel'nyy,2
polozhitel'no,2
prityazhatel'nyye,-2
otlozhit',-1
otlozheno,-1
otodvigayet,-1
Otsrochka,-1
bednost',-1
moshchnyy,2
bessil'na,-2
pokhvaly,3
khvalili,3
khvalit,3
khvalya,3
molis',1
molit'sya,1
molitvami,1
prblm,-2
prblms,-2
podgotovleny,1
davleniye,-1
davleniye,-2
delayut vid,-1
delaya vid,-1
delayet vid,-1
krasivaya,1
predotvratit',-1
predotvrashcheno,-1
predotvrashcheniye,-1
predotvrashchayet,-1
kolot',-5
tyur'ma,-2
Zaklyuchennyy,-2
zaklyuchennyye,-2
privilegirovannyye,2
aktivnyye,2
Problema,-2
Problemy,-2
Spekulyant,-2
progress,2
Vidnoye,2
obeshchaniye,1
obeshchali,1
obeshchayet,1
sodeystvovat',1
sposobstvovali,1
sposobstvuyet,1
sodeystviye,1
propaganda,-2
presledovat' v sudebnom poryadke,-1
presleduyutsya,-2
rassleduyet,-1
Obvineniye,-1
prospekt,1
perspektivy,1
protsvetayushchim,3
zashchity,1
zashchishchennyy,1
zashchishchayet,1
protestovat',-2
Protestuyushchiye,-2
protestuya,-2
Protesty,-2
gordyy,2
gordo,2
provotsiruyut,-1
razdrazhayetsya,-1
provotsiruyet,-1
provokatsionno,-1
lzhenauka,-3
nakazat',-2
nakazyvayut,-2
nakazyvayet,-2
karatel'naya,-2
naporistyy,-1
ozadachen,-2
Quaking,-2
somnitel'na,-2
postavlena ​​pod somneniye,-1
anketirovaniye,-1
rasizm,-3
rasistom,-3
rasisty,-3
yarost',-2
neistovyy,-2
dozhdlivyy,-1
deklamatsiya,-3
pustoslov,-3
krikunami,-3
tirady,-3
iznasilovaniye,-4
Nasil'nik,-4
Voskhishcheniye,2
voznesena,2
vostorgi,2
vostorzhennoye,4
syp',-2
ratifitsirovana,2
dostignut',1
dostig,1
dostigayet,1
dostigaya,1
uspokoit',1
uspokoivshis',1
uspokaivayet,1
obnadezhivayushchimi,2
bunt,-2
Spad,-2
bezrassudnym,-2
Rekomenduyetsya,2
Rekomenduyetsya,2
rekomenduyet,2
pogasheny,2
otkazat',-2
otkazalsya,-2
otkaz,-2
sozhaleyem,-2
priskorbno,-2
sozhaleniy,-2
sozhalel,-2
Sozhaleya,-2
otklonyat',-1
otvergayetsya,-1
otvergaya,-1
otvergayet,-1
raduysya,4
vozradovalis',4
likuyet,4
raduyas',4
rasslableny,2
neumolima,-1
zavisit,2
oblegchit',1
osvobozhden,2
snimayet,1
osvobodiv,2
smakovaniye,2
Primechatel'no,2
raskayaniya,-2
ottalkivat',-1
otbity,-2
spasatel'nykh rabot,2
spasen,2
vyruchayet,2
obizhennyy,-2
uyti v otstavku,-1
podal v otstavku,-1
podavat' v otstavku,-1
ukhodit v otstavku,-1
reshitel'nyy,2
reshit',2
reshena,2
reshayet,2
rassasyvayushcheye,2
uvazhayemyy,2
otvetstvennyy,2
otzyvchivym,2
uspokoitel'nyye,2
bespokoynyy,-2
vosstanovit',1
vosstanovlena,1
vosstanavlivayet,1
vosstanovleniye,1
ogranichit',-2
ogranicheno,-2
ogranicheniye,-2
ogranicheniye,-2
ogranichivayet,-2
sokhranyayetsya,-1
retard,-2
otstalyy,-2
otstupit',-1
mest',-2
mstitel'ny,-2
pochitali,2
ozhivit',2
vozrozhdayet,2
nagrada,2
voznagrazhdeny,2
nagrazhdeniye,2
nagrady,2
bogatykh,2
smeshno,-3
burovaya ustanovka,-1
sfal'sifitsirovany,-1
pravil'noye napravleniye,3
strogiy,3
strogo,3
bunt,-2
bunty,-2
Risk,-2
riski,-2
grabit',-2
Grabitel',-2
robe,-2
oblachenii,-2
grabit,-2
prochnyy,2
ROFL,4
roflcopter,4
ROFLMAO,4
romantika,2
ROTFL,4
rotflmfao,4
rotflol,4
razrukha,-2
razorilsya,-2
gubit,-2
ruiny,-2
sabotazh,-2
grustnyy,-2
pechalit',-2
opechalen,-2
k sozhaleniyu,-2
seyf,1
bezopasno,1
bezopasnost',1
yarko vyrazhennoy,1
sochnyy,-1
sarkastichnyy,-2
udovletvoreny,2
sokhranit',2
sokhraneny,2
afera,-2
zhul'nichestva,-2
Skandal,-3
Skandal'nyy,-3
Skandaly,-3
kozla otpushcheniya,-2
strelochnikov,-2
ispug,-2
napugany,-2
strashno,-2
skepticheski,-2
rugayte,-2
sovok,3
Prezreniye,-2
prenebrezhitel'noye,-2
krichat',-2
krichal,-2
krichat',-2
Kriki,-2
vvinchivayetsya,-2
oblazhalis',-3
podonok,-4
bezopasnyy,2
obespecheno,2
obespechivayet,2
kramoly,-2
kramol'nogo,-2
soblaznil,-1
uverennyy v sebe,2
samo-zabluzhdenii,-2
egoistichny,-3
Egoizm,-3
Prigovor,-2
prigovoren,-2
predlozheniya,-2
prigovarivaya,-2
spokoynyy,2
tyazhelaya,-2
seksual'naya,3
shatkim,-2
Obidno,-2
pristydil,-2
pozornym,-2
Dolya,1
obshchiy,1
aktsiy,1
razrushennoy,-2
der'mo,-4
govnyuk,-4
khrenovo,-3
shok,-2
v shoke,-2
shokiruyet,-2
shoki,-2
strelyat',-1
blizorukim,-2
blizorukost',-2
nekhvatka,-2
defitsit,-2
zemleroyka,-4
zastenchivaya,-1
bol'nykh,-2
Vzdokh,-2
Znacheniye,1
znachitel'na,1
glushiteley,-1
glupo,-1
iskrennyaya,2
iskrenne,2
iskrennyaya,2
iskrennost',2
grekhovno,-3
singleminded,-2
skeptik,-2
skepticheski,-2
Skeptitsizm,-2
Skeptiki,-2
slem,-2
slesh,-2
polosnul,-2
kosaya cherta,-2
secha,-2
rabstvo,-3
Bessonnitsa,-2
pyatno,2
dozhdevik,2
slikovoye,2
vyalym,-2
shlyukha,-5
umnyy,1
umneye,2
smyshlenym,2
Mazok,-2
ulybka,2
Ulybnulsya,2
ulybki,2
ulybayas',2
smoga,-2
podlyy,-1
kurnosyy,-2
prenebrezhitel'no,-2
spusk v skvazhinu pod davleniyem,-2
pritormazhivaniy,-2
otrezvlyayushche,1
Torzhestvennaya,-1
tverdoye telo,2
solidarnost',2
Rastvor,1
Resheniya,1
reshit',1
reshena,1
reshayet,1
resheniye problem,1
Mrachnyy,-2
svoyego roda,0
Sukin syn,-5
Sukin,-5
uspokaivayut,3
uspokaival,3
uspokaivayushcheye,3
elegantnyy,2
bol',-1
pechal',-2
ogorchayut,-2
izvinite,-1
spam,-2
Spamer,-3
spamery,-3
spam,-2
iskry,1
sverkayut,3
blestki,3
igristyye,3
spekulyativnaya,-2
dukh,1
energichnoy,2
bezdukhovnoy,-2
zlobnaya,-2
velikolepnyy,3
bodrym,2
khlyupala,-1
koloto,-2
zarezal,-2
stabil'noy,2
udary,-2
stoylo,-2
zastoporilsya,-2
svalivaniya,-2
vynoslivost'yu,2
davka,-2
porazhennyy,-2
golodat',-2
golodali,-2
golodayet,-2
golodayut,-2
tverdy,2
ukrast',-2
perekhvatov,-2
Stereotip,-2
stereotipny,-2
podavil,-1
stimulirovat',1
stimuliruyetsya,1
stimuliruyet,1
stimuliruyushcheye,2
skup,-2
ukraden,-2
stop,-1
ostanovilsya,-1
ostanovki,-1
ostanavlivayetsya,-1
Tolstyy,2
pryamyye,1
stranno,-1
kak ni stranno,-1
zadushil,-2
Sila,2
ukrepleniya,2
usilena,2
ukrepleniye,2
ukreplyayet,2
podcherknul,-2
stressora,-2
stressory,-2
porazhayem,-2
udar,-1
Zabastovshchiki,-2
zabastovki,-1
sil'nyy,2
sil'neye,2
sil'nyy,2
udaril,-1
bor'ba,-2
izo vsekh sil,-2
Bor'ba,-2
izo vsekh sil,-2
upryamyy,-2
zastrevayut,-2
oshelomlen,-2
oshelomlyayushchim,4
glupyy,-2
tupo,-2
obkhoditel'nyy,2
sushchestvennym,1
po sushchestvu,1
podryvnoy,-2
Uspekh,2
uspeshnym,3
sosat',-3
otstoy,-3
stradat',-2
stradaniya,-2
stradayet,-2
samoubiystvu,-2
samoubiystvo,-2
podali v sud,-2
dut'sya,-2
nadutyy,-2
ugryumyy,-2
solntse,2
super,3
prevoskhodnoye,5
prevoskhodnyy,2
podderzhka,2
podderzhivayetsya,2
storonnikom,1
storonnikov,1
podderzhivaya,1
podderzhku,2
podderzhivayet,2
vyzhil,2
vyzhivayem,2
ostavshiysya v zhivykh,2
Podozrevayemyy,-1
podozreval,-1
podozrevaya,-1
podozrevayemykh,-1
priostanovit',-1
priostanovleno,-1
podozritel'nym,-2
klyanus',-2
rugan',-2
klyanetsya,-2
sladkiy,2
bystry,2
bystro,2
Moshennichestvo,-3
afery,-3
zhul'nichestvo,-3
otzyvchivyy,2
simpatiya,2
Tard,-2
slezy,-2
nezhnaya,2
napryazhennoy,-2
napryazheniye,-1
strashnaya,-3
uzhasno,-3
potryasayushchiy,4
v uzhase,-3
terror,-3
terrorizirovat',-3
terroriziroval,-3
terroriziruyet,-3
spasibo,2
blagodaren,2
spasibo,2
ternist,-2
vdumchivyy,2
bezdumnoye,-2
ugroza,-2
ugrozhat',-2
pod ugrozoy ischeznoveniya,-2
ugrozhayushchim,-2
ugrozhayet,-2
ugrozy,-2
vzvolnovan,5
rasstroit',-2
sorvany,-2
Sryv,-2
presekayet,-2
robkiy,-2
boyazlivyy,-2
ustalym,-2
sinitsy,-2
terpimym,2
bezzubaya,-2
sverkhu,2
topy,2
porvana,-2
pytki,-4
pytkam,-4
Pytki,-4
pytat',-4
Totalitarnyy,-2
totalitarizm,-2
reklamiruyut,-2
raskhvalivali,-2
zazyvaniye pokupateley,-2
reklamiruyet,-2
Tragediya,-2
Tragicheskaya,-2
tikhoye,2
lovushka,-1
v lovushke,-2
travmy,-3
travmaticheskiye,-3
parodiya,-2
izmenoy,-3
izmenoy,-3
sokrovishche,2
sokrovishcha,2
Drozh',-2
trepetnaya,-2
obmanuli,-2
obman,-2
triumf,4
torzhestvuyushchiy,4
Beda,-2
bespokoynyy,-2
nepriyatnosti,-2
pravda,2
doveriye,1
doverennyy,2
Opukhol',-2
pizda,-5
nekrasivo,-3
nepriyemlemo,-2
nedootsenennymi,-2
neutverzhdennyye,-2
ne znayut,-2
neveroyatno,-1
neveruyushchiy,-1
ob yektivnoy,2
neopredelennymi,-1
neyasno,-1
neudobno,-2
ravnodushnyy,-2
nepodtverzhdennyye,-1
ubedilo,-1
titrakh,-1
nereshitel'nosti,-1
zanizhennymi,-1
zanizheny,-1
nedootsenivayet,-1
Nedootsenka,-1
podryvat',-2
podorvana,-2
podryvayet,-2
Podryv,-2
zasluzhivayushchim,-2
nezhelatel'no,-2
neprostym,-2
bezrabotitsa,-2
neravnymi,-1
Neprevzoydennyy,2
neetichno,-2
nespravedlivo,-2
sfokusirovano,-2
nevypolnennym,-2
neschastnyy,-2
nezdorovym,-2
unifitsirovannaya,1
vpechatlilo,-2
neumnyy,-2
ob yedinennaya,1
nespravedlivo,-2
neprivlekatel'nym,-2
nelyubimym,-2
bespodobnaya,1
nemotivirovannaya,-2
neprofessional'no,-2
ne izucheny,-2
neudovletvorennym,-2
neobespechennyye,-2
nevypolnennym,-1
neiskushennyy,-2
neustoychivy,-2
neuderzhim,2
bez podderzhki,-2
neuvereny,-1
nezapyatnannoy,2
nezhelatel'naya,-2
nedostoynym,-2
rasstroyen,-2
rasstraivayet,-2
rasstraivayet,-2
vstrevozhennyy,-2
srochnyy,-1
polezno,2
poleznost',2
bespolezno,-2
bespoleznost',-2
rasplyvchatym,-2
proverki,1
podtverzhdeno,1
Podtverzhdayet,1
proverki,1
Prigovor,-1
Prigovory,-1
oblachenii,1
tomleniye,-2
dosadno,-2
yarkiye,3
porochnyy,-2
zhertva,-3
viktimizirovat',-3
viktimizatsii,-3
opredelennyye zhertvy,-3
viktimizatsii,-3
zhertvy,-3
bditel'nymi,3
nichtozhnogo,-3
opravdayet,2
dokazannym,2
podtverzhdayet,2
podtverzhdalo,2
narushayut,-2
narusheny,-2
narushayet,-2
narushiv,-2
nasiliye,-3
nasil'stvennaya,-3
dobrodetel'nymi,2
virulentnykh,-2
videniye,1
providtsem,3
kontseptualizatsiya,1
videniya,1
zhiznesposobnost',3
vitamin,1
yazvitel'noye,-3
zhizneradostnyy,3
golosistyye,-1
uyazvimost',-2
uyazvima,-2
zabastovka,-2
zabastovki,-2
drochit',-3
khotyat,1
voyna,-2
voyna,-2
teplyy,1
teplo,2
preduprezhdayut,-2
predupredil,-2
preduprezhdeniye,-3
preduprezhdeniya,-3
preduprezhdayet,-2
otkhodov,-1
vpustuyu,-2
tratit',-2
koleblyas',-1
slabyy,-2
slabost',-2
bogatstvo,3
bogatykh,2
ustalym,-2
plach'te,-2
Plach,-2
stranno,-2
Dobro pozhalovat',2
privetstvuyetsya,2
privetstvuyet,2
kapriznaya,1
pobelka,-3
shlyukha,-4
nechestivyye,-2
ovdovela,-1
gotovnost',2
pobeda,4
pobeditel',4
pobedy,4
pobed,4
WINWIN,3
pozhelayet,1
pozhelaniya,1
zhelaya,1
Vyvod,-3
udruchennyy gorem,-2
gorestnyy,-3
Vona,3
zamechatel'nyy,4
Woo,3
Woohoo,3
Wooo,4
woow,4
iznoshennyy,-1
volnuyus',-3
bespokoit'sya,-3
bespokoystvo,-3
khuzhe,-3
ukhudshat'sya,-3
ukhudshilos',-3
ukhudsheniye,-3
ukhudshayetsya,-3
poklonyalis',3
khudshem sluchaye,-3
stoit,2
nichego ne stoit,-2
dostoyno,2
nichego sebe,4
WOWOW,4
wowww,4
Vspyl'chivyy,-3
Krusheniye,-2
nepravil'no,-2
obidel,-2
WTF,-4
da,1
Toska,1
yeees,2
da,1
molodoy,2
protivnyy,-2
vkusnyatina,3
fanatik,-2
Fanatiki,-2
revnostnyy,2