napustiti,-2
napušten,-2
napušta,-2
oteta,-2
otmica,-2
Otmice,-2
osjećati gađenje,-3
prezirali,-3
odvratno,-3
gnuša,-3
sposobnosti,2
sposobnost,2
na brodu,1
odsutnosti,-1
odsutni,-1
osloboditi,2
oslobođen,2
oslobađa,2
oslobođeni,2
apsorbira,1
zlostavljanje,-3
zlostavljani,-3
zloupotrebe,-3
uvredljiv,-3
prihvatiti,1
prihvaćeno,1
prihvaćanja,1
prihvati,1
nesreća,-2
slučajno,-2
slučajno,-2
nesreća,-2
ostvariti,2
ostvaren,2
ostvaruje,2
optužba,-2
optužbe,-2
optuživati,​​-2
Optuženi,-2
optužuje,-2
optužujući,-2
bol,-2
ostvarive,1
bolan,-2
osloboditi,2
oslobodio,2
oslobođen,2
oslobađajuća,2
zajedljiv,-3
aktivan,1
odgovarajuća,1
dive,3
divio,3
divi,3
diveći,3
Priznajem,-1
priznaje,-1
priznao,-1
opominju,-2
opominjao,-2
usvojiti,1
usvaja,1
sladak,3
obožavaju,3
obožavala,3
obožava,3
napredni,1
prednost,2
prednosti,2
avantura,2
avanture,2
avanturistički,2
utjecati,-1
ljubav,3
ljubazan,3
Pati,-1
uvrijeđeno,-1
strah,-2
pogoršati,-2
pogoršalo,-2
pogoršava,-2
otežavajuća,-2
agresija,-2
agresije,-2
agresivan,-2
zaprepašteno,-2
uzbuđeno,2
mučiti,-3
muči,-3
agonises,-3
bolan,-3
mučiti,-3
muči,-3
agonistički,-3
bolan,-3
slažu,1
drag,2
dogovoreno,1
Sporazum,1
slaže,1
alarm,-2
uznemiren,-2
uzbunu,-2
alarmisti,-2
nažalost,-1
Dojava,-1
otuđenje,-2
živ,1
alergijski,-2
dopustiti,1
sama,-2
iznenaditi,2
zaprepašteni,2
zadivljuje,2
Nevjerojatno,4
ambiciozan,2
ambivalentno,-1
zabavljati,3
zabavlja,3
zabava,3
amusements,3
ljutnja,-3
Angers,-3
ljut,-3
tjeskoba,-3
tjeskobno,-3
neprijateljstvo,-2
smetati,-2
smetnja,-2
ojađen,-2
neugodno,-2
iritira,-2
antagonistički,-2
anti,-1
očekivanje,1
anksioznost,-2
zabrinuti,-2
apatični,-3
apatija,-3
apeshit,-3
apokaliptična,-2
Ispričavam se,-1
ispričao,-1
ispričava,-1
ispričava,-1
Ispričavam se,-1
ispričao,-1
ispričava,-1
ispričava,-1
Isprika,-1
zaprepašten,-2
grozno,-2
smiriti,2
smiren,2
ublažava,2
umirivanja,2
zapljeskati,2
pljeskom,2
pljeskala,2
plješće,2
pljesak,2
cijeniti,2
poštovati,2
cijeni,2
cijeni,2
uvažavanje,2
prestrašen,-2
odobrenje,2
odobren,2
odobrava,2
gorljivi,1
uhititi,-2
uhićen,-3
uhićenja,-2
arogantan,-2
ashame,-2
stidi,-2
magarac,-4
Atentat,-3
ubojstva,-3
imovine,2
imovina,2
assfucking,-4
šupak,-4
zapanjeni,2
zapanjiti,3
zapanjen,3
zapanjujuće,3
zapanjujuće,3
zapanjuje,3
napad,-1
napadnuti,-1
napadaju,-1
Napadi,-1
privući,1
privukla,1
privlačenja,2
atrakcija,2
atrakcije,2
privlači,1
smion,3
vlast,1
spriječiti,-1
otklonjena,-1
odvraća,-1
strastveni,2
izbjeći,-1
izbjeći,-1
izbjegava,-1
čekaju,-1
čekala,-1
čeka,-1
Nagrada,3
nagrađen,3
nagrade,3
super,4
strašno,-3
nespretan,-2
sjekira,-1
axed,-1
podlogom,1
podloga,2
leđa,1
loše,-3
badass,-3
loše,-3
spašavanja,-2
prevariti,-2
bamboozled,-2
bamboozles,-2
zabrana,-2
prognati,-1
u stečaju,-3
bankster,-3
zabranjen,-2
jeftino,2
barijera,-2
gad,-5
gadovi,-5
bitka,-1
bitke,-1
tukli,-2
blažen,3
tuče,-1
ljepotice,3
lijepa,3
lijepo,3
uljepšati,3
omalovažavati,-2
omalovažavan,-2
ljubljeni,3
korist,2
prednosti,2
profitirao,2
benefitting,2
oduzeti,-2
napušten,-2
bereaves,-2
bereaving,-2
najbolje,3
izdati,-3
izdaja,-3
izdao,-3
izdaju,-3
izdaje,-3
bolje,2
pristranosti,-1
pristran,-2
veliki,1
kuja,-5
kuje,-5
gorka,-2
gorko,-2
bizarno,-2
bla,-2
kriv,-2
krivi,-2
krivi,-2
okrivljavanje,-2
blagoslovi,2
blagoslivlja,2
blagoslov,3
slijepa,-1
blaženstvo,3
blažen,3
veseo,2
blok,-1
blockbuster,3
blokiran,-1
blokiranje,-1
blokovi,-1
krvav,-3
mutno,-2
hvalisav,-2
podebljano,2
hrabro,2
bomba,-1
potaknuti,1
potaknut,1
jačanje,1
pojačava,1
bore,-2
dosadno,-3
smetaju,-2
smeta,-2
dosadan,-2
bojkot,-2
bojkotirali,-2
bojkotom,-2
bojkoti,-2
ispiranje mozga,-3
hrabri,2
proboj,3
dah,5
podmititi,-3
svijetle,1
najsjajnije,2
svjetline,1
sjajan,4
žustar,2
razbio,-1
slomljena,-1
razmišljanje,-2
maltretiraju,-2
sranje,-4
nasilnik,-2
nasilničko ponašanje,-2
sori,-2
dinamičnim,2
teret,-2
opterećeni,-2
opterećuje,-2
tereta,-2
mirna,2
smiruje,2
smirujući,2
smiruje,2
ne može opstati,-3
odustajanje,-1
otkazan,-1
otkazivanja,-1
otkaže,-1
rak,-1
sposoban,1
osvojila,3
briga,2
bezbrižan,1
Pazite,2
Pažljivo,2
neoprezan,-2
briga,2
blagajnik u,-2
ranjenik,-2
katastrofa,-3
katastrofalne,-4
oprezan,-1
slave,3
slavi,3
cenzurirati,-2
cenzurirani,-2
cenzura,-2
sigurno,1
žalost,-2
ozlojeđeni,-2
izazov,-1
prilika,2
šanse,2
kaos,-2
kaotičan,-2
napunjena,-3
troškove,-2
šarm,3
šarmantan,3
charmless,-3
kazniti,-3
šibao,-3
chastises,-3
kažnjava,-3
varati,-3
varao,-3
varalica,-3
varalice,-3
vara,-3
razveseliti,2
klicali,2
vesela,2
pljeskati,2
nevesela,-2
Živjeli,2
živahni,3
njeguju,2
njeguju,2
njeguje,2
njeguje,2
šik,2
djetinjasto,-2
hlađenja,-1
gušiti,-2
uguši,-2
prigušnice,-2
gušenje,-2
pojašnjava,2
jasnoća,2
clash,-2
stilom,3
čist,2
sredstvo za čišćenje,2
Jasno,1
izbrisani,1
Jasno,1
Čisti,1
pametan,2
zamagljeno,-1
clueless,-2
penis,-5
guzica,-5
cocksuckers,-5
samosvjestan,-2
prisiljen,-2
kolaps,-2
propali,-2
padne,-2
urušavanja,-2
sudaraju,-1
sudara,-1
sudaraju,-1
sudara,-2
sudari,-2
u dosluhu,-3
borbeno,-1
borbama,-1
komedija,1
udobnost,2
udoban,2
utješno,2
udobnost,2
pohvaliti,2
pohvalio,2
počiniti,1
opredjeljenje,2
obvezuje,1
počinio,1
počinio,1
suosjećajni,2
primoran,1
Nadležni,2
konkurentan,2
spokojan,-2
žaliti,-2
žalili,-2
žali,-2
sveobuhvatan,2
pomiriti,2
usuglašen,2
conciliates,2
conciliating,2
osuditi,-2
sud,-2
osuđeni,-2
osuđuje,-2
povjerenje,2
uvjeren,2
sukoba,-2
oprečna,-2
konfliktan,-2
sukobi,-2
zbuniti,-2
zbunjen,-2
zbunjujuće,-2
Čestitamo,2
Čestitam,2
čestitka,2
čestitke,2
suglasnost,2
suglasnosti,2
consolable,2
zavjera,-3
ograničen,-2
zaraza,-2
contagions,-2
zarazna,-1
prezir,-2
preziran,-2
prezirno,-2
tvrde,-1
kandidat,-1
boriti,-1
sporno,-2
sporan,-2
kontroverzan,-2
kontroverzno,-2
uvjeriti,1
Uvjeren,1
uvjerava,1
gostoljubiv,2
cool,1
cool stvari,3
stjeran,-2
Leš,-1
skupo,-2
hrabrost,2
hrabri,2
uljudan,2
uslužnost,2
prikrivanje,-3
kukavica,-2
kukavički,-2
coziness,2
grč,-1
sranje,-3
sudar,-2
luđi,-2
najluđi,-2
ludo,-2
kreativni,2
pokunjen,-2
vikala,-2
plače,-2
kriminal,-3
kriminalac,-3
kriminalci,-3
kriza,-3
kritičar,-2
kritika,-2
kritizirati,-2
kritizirao,-2
kritizira,-2
kritizira,-2
kritičari,-2
okrutno,-3
okrutnost,-3
gnječiti,-1
slomiti,-2
zgnječi,-1
drobljenje,-1
plakati,-1
plače,-2
pička,-5
znatiželjan,1
prokletstvo,-1
cut,-1
slatka,2
rezovi,-1
rezanje,-1
cinik,-2
ciničan,-2
cinizam,-2
šteta,-3
ošteti,-3
osuditi,-4
proklet,-4
Kvragu,-4
opasnost,-2
Daredevil,2
hrabar,2
najtamnije,-2
tama,-1
neustrašiv,2
mrtav,-3
zastoja,-2
zaglušujuća,-1
draga,2
skupo,3
smrt,-2
nonšalantan,2
duga,-2
prijevara,-3
prijevare,-3
prevariti,-3
prevario,-3
vara,-3
obmanjuje,-3
obmana,-3
Odlučujući,1
posvećen,2
poražen,-2
mana,-3
nedostatke,-3
branitelj,2
branitelji,2
bespomoćan,-2
odgoditi,-1
odgađanja,-1
prkosan,-1
deficit,-2
degradirati,-2
degradiran,-2
degradirati,-2
dehumanizacije,-2
postati,-2
Dehumanizira,-2
dehumanizirajuće,-2
utući,-2
bezvoljan,-2
dejecting,-2
dejects,-2
kašnjenje,-1
odgođen,-1
užitak,3
oduševljeni,3
oduševljene,3
užitke,3
potražnja,-1
zahtijevao,-1
zahtjevan,-1
zahtjevi,-1
demonstracije,-1
demoralizirani,-2
odbijen,-2
dena,-2
negiraju,-2
negira,-2
otkazati,-2
osuđuje,-2
zanijekati,-2
negira,-2
depresivan,-2
depresivno,-2
iskočiti,-2
iskliznuti,-2
iskliznica,-2
rugati,-2
ismijavati,-2
derides,-2
vidu podrugljive,-2
podsmijeh,-2
poželjno,2
želja,1
poželjno,2
željan,2
očaj,-3
očajno,-3
očajava,-3
očajna,-3
očajnički,-3
malodušan,-3
uništiti,-3
uništen,-3
uništi,-3
uništi,-3
razaranja,-3
destruktivan,-3
samostojeća,-1
pritvoriti,-2
pritvoru,-2
pritvor,-2
određen,2
devastirati,-2
devastiran,-2
poražavajući,-2
posvećen,3
dijamant,1
kurac,-4
kurvin sin,-4
umrijeti,-3
umro,-3
teško,-1
sramežljiv,-2
dilema,-1
dipshit,-3
dire,-3
strašan,-3
prljavštine,-2
prljaviji,-2
najprljavije,-2
prljavo,-2
onemogućavanje,-1
Nedostatak,-2
nepovoljnom položaju,-2
nestaju,-1
nestala,-1
nestaje,-1
razočarati,-2
razočaran,-2
razočaravajući,-2
razočarao,-2
razočaranja,-2
razočarao,-2
katastrofa,-2
katastrofa,-2
katastrofalne,-3
Nevjernici,-2
odbaciti,-1
odbačena,-1
odbacivanje,-1
odbacuje,-1
neutješan,-2
tuzi,-2
nezadovoljni,-2
nesklad,-2
diskontiraju,-1
obeshrabreni,-2
diskreditirani,-2
prezir,-2
sramota,-2
osramoćena,-2
maskirati,-1
prikriveno,-1
prerušavanje,-1
prikrivanja,-1
gađenje,-3
gadi,-3
odvratno,-3
tužan,-2
nepošteni,-2
razočaran,-2
nesklon,-2
nepovezano,-2
Ne sviđa mi se,-2
smrknuti,-2
plaši,-2
poremećaj,-2
neorganizirani,-2
dezorijentiran,-2
omalovažavati,-2
obezvrijedio,-2
omalovažavaju,-2
podcjenjivački,-2
žao,-2
spor,-2
sporno,-2
sporovi,-2
sporu,-2
diskvalificirana,-2
nemir,-2
zanemarivanje,-2
zanemarena,-2
bez obzira,-2
zanemaruje,-2
nepoštovanje,-2
disrespected,-2
poremećaj,-2
poremećaji,-2
destruktivan,-2
nezadovoljni,-2
iskrivljuju,-2
iskrivljena,-2
iskrivljeno,-2
iskrivljuje,-2
odvratiti,-2
rastreseni,-2
distrakcija,-2
ometa,-2
tjeskoba,-2
nevolji,-2
distresses,-2
uznemirujući,-2
nepovjerenje,-3
nepovjerljivi,-3
smetati,-2
poremećen,-2
uznemirujuće,-2
smeta,-2
sjenčanjem,-2
vrtoglavicu,-1
izmicanju,-2
dodgy,-2
ne radi,-3
bolan,-2
ne vole,-2
Doom,-2
osuđen,-2
sumnje,-1
sumnjao,-1
upitan,-1
sumnje,-1
sumnje,-1
tuš,-3
douchebag,-3
oboren,-2
utučenim,-2
minus,-2
povuci,-1
vukao,-1
vuče,-1
iscrpljen,-2
strah,-2
zastrašujuća,-2
strašno,-3
bojala,-2
san,1
snovi,1
turoban,-2
Droopy,-2
kap,-1
utopiti,-2
utopili,-2
utapa,-2
pijan,-2
sumnjivo,-2
dud,-2
dosadno,-2
glupa,-3
glupan,-3
deponij,-1
odbačen,-2
odlagališta,-1
dupe,-2
nasamaren,-2
disfunkcija,-2
nestrpljiv,2
ozbiljno,2
jednostavnost,2
jednostavno,1
presretan,4
jeziv,-2
sablastan,-2
učinkovit,2
učinkovito,2
ushićen,3
ushićenje,3
elegantan,2
elegantno,2
osramotiti,-2
zbunjen,-2
embarrasses,-2
neugodno,-2
sramota,-2
ogorčen,-2
zagrljaj,1
hitna pomoć,-2
suosjećanja,2
praznina,-1
prazna,-1
začarani,2
poticati,2
Ohrabren,2
ohrabrenje,2
potiče,2
podupiru,2
potvrđen,2
potvrda,2
podržava,2
neprijatelji,-2
neprijatelj,-2
energičan,2
angažirati,1
bavi,1
zadubljen,1
uživati,2
uživanje,2
uživa,2
prosvijetli,2
prosvijetljeni,2
rasvijetliti,2
prosvjetljuje,2
dosada,-2
razbjesniti,-2
bijesan,-2
ENRAGÉS,-2
enraging,-2
zanijeti,3
porobiti,-2
robovi,-2
zarobljava,-2
osigurati,1
osiguranje,1
poduzetni,1
zabavne,2
zanijeti,3
oduševljen,3
pravo,1
povjereno,2
zavidi,-1
zavidan,-2
zavidim,-1
zavist,-1
pogrešno,-2
Pogreška,-2
pogreške,-2
pobjeći,-1
bježi,-1
bijega,-1
cijenjeni,2
etički,2
euforija,3
euforična,4
iseljenje,-1
zla,-3
pretjerivati,-2
pretjerana,-2
pretjeruje,-2
pretjeruješ,-2
razljućen,2
izvrsnost,3
izvrsna,3
uzbuditi,3
uzbuđen,3
uzbuđenje,3
uzbudljivo,3
isključuju,-1
isključena,-2
isključenje,-1
ekskluzivni,2
oprostite,-1
oslobođeni,-1
iscrpljeni,-2
raspoložen,3
exhilarates,3
uzbudljivo,3
oslobodi,2
oslobođen,2
exonerates,2
iskupljenje,2
proširiti,1
širi,1
izbaci,-2
protjeran,-2
protjerivanja,-2
protjeruje,-2
iskorištavati,-2
iskorišteni,-2
iskorištavanja,-2
eksploatira,-2
Istraživanje,1
istraživanja,1
izlagati,-1
izložen,-1
izlaže,-1
izlaganje,-1
proširiti,1
proteže,1
bujan,4
likujući,3
likujući,3
nevjerojatan,4
hir,-2
peder,-3
peder,-3
pederi,-3
uspjeti,-2
nije uspio,-2
u nedostatku,-2
ne uspije,-2
neuspjeh,-2
kvarova,-2
malodušan,-2
fer,2
vjera,1
vjeran,3
varanje,-3
krivotvorine,-3
zavaravanje,-3
pali,-2
pada,-1
falsificirani,-3
krivotvoriti,-3
slava,1
ventilator,3
fantastično,4
farsa,-1
fasciniraju,3
fasciniran,3
fascinira,3
fascinantno,3
fašist,-2
fašisti,-2
smrtnih slučajeva,-3
fatalnost,-3
umor,-2
umoran,-2
težak rad,-2
iscrpljujuća,-2
naklonost,2
omiljen,2
omiljeni,2
favorit,2
favoriti,2
favorizira,2
strah,-2
strah,-2
bojeći se,-2
neustrašiv,2
strašan,-2
hranjen gore,-3
slab,-2
osjećaj,1
felonies,-3
krivično djelo,-3
vatrene,2
strasni,2
svečane,2
fijasko,-3
nemiran,-2
boriti,-1
u redu,2
požara,-2
otkaz,-2
plamena,-2
fit,1
fitness,1
borac,2
bježi,-1
flop,-2
promašaja,-2
gripe,-2
usplahiren,-2
usmjerena,2
fond,2
sklonost,2
budalo,-2
glupo,-2
budale,-2
prisiljen,-1
foreclosure,-2
foreclosures,-2
zaboravi,-1
zaboravan,-2
oprosti,1
oprašta,1
zaboravio,-1
sretni,2
ljut,-1
prijevara,-4
prijevare,-4
prevarant,-4
prevaranti,-4
varljivost,-4
prijevarno,-4
free,1
sloboda,2
bjesnilo,-3
svježe,1
prijateljski,2
strah,-2
uplašen,-2
zastrašujuće,-3
frikin,-2
nestašan,2
mršteći se,-1
uništiti,-2
frustriran,-2
frustrira,-2
frustrirajuće,-2
frustracija,-2
FTW,3
jebote,-4
jebeno,-4
guzica,-4
jeben,-4
fuckface,-4
fuckhead,-4
jebote,-4
fucktard,-4
FUD,-3
fuked,-4
fuking,-4
ispuniti,2
ispunjeni,2
ispunjava,2
dimeća,-2
zabava,4
sprovod,-1
pogrebi,-1
funky,2
smješnije,4
smiješno,4
bijesna,-3
uzaludan,2
gag,-2
jato gusaka,-2
dobitak,2
stekao,2
stjecanje,2
dobici,2
galantan,3
galantno,3
galantnost,3
velikodušan,2
srdačan,3
ghost,-1
bunovan,-2
dar,2
drago,3
glamurozno,3
glamuroznije,3
Glee,3
razdragan,3
tama,-1
tmurno,-2
slavno,2
slava,2
mrk,-2
bog,1
prokleti,-3
božji dar,4
dobar,3
dobrota,3
milost,1
milostiv,3
grand,3
Grant,1
gotovo,1
odobravanje,1
potpore,1
zahvalan,3
zadovoljenje,2
grob,-2
siva,-1
super,3
veća,3
Najveći,3
pohlepa,-3
pohlepni,-2
zelena za ispiranje,-3
zelena pranje,-3
greenwash,-3
greenwasher,-3
greenwashers,-3
greenwashing,-3
Pozdravljam,1
pozdravio,1
pozdrav,1
čestitke,2
Pozdravlja,1
siva,-1
tuga,-2
ojađeni,-2
bruto,-2
raste,1
Rast,2
jamstvo,1
krivnja,-3
krivim,-3
lakovjernost,-2
naivni,-2
pištolj,-1
ha,2
sjeckan,-1
haha,3
hahaha,3
hahahah,3
tuča,2
hvaljen,2
nesretan,-2
haplessness,-2
sreća,3
sretna,3
Teško,-1
hardier,2
nevolja,-2
Hardy,2
štete,-2
povrijeđeni,-2
štetan,-2
šteti,-2
Harms,-2
izmučeni,-2
oštra,-2
oštrija,-2
najtežim,-2
mrzim,-3
mrzio,-3
mrzitelji,-3
mrzi,-3
mrzi,-3
dosađivati,-1
uklet,-2
nezaboravna,1
progoni,-1
pustoš,-2
zdravo,2
srceparajući,-3
slomljenog srca,-3
iskren,3
nebo,2
nebeski,4
heavyhearted,-2
kvragu,-4
pomogne,2
korisno,2
pomaže,2
bespomoćan,-2
pomaže,2
junak,2
heroji,2
herojski,3
neodlučan,-2
oklijevajte,-2
sakrio,-1
sakriti,-1
skriva,-1
skriva,-1
Vrhunac,2
smiješan,2
smetnja,-2
prijevara,-2
nostalgičan,-2
iskren,2
čast,2
Čast,2
čast,2
čast,2
Čast,2
čast,2
huligan,-2
huliganstvo,-2
huligani,-2
nadam se,2
nade,2
nadamo se,2
beznadno,-2
beznađe,-2
nade,2
nadi,2
grozan,-3
strašno,-3
užasno,-3
užasnut,-3
neprijateljski,-2
sitničar,-2
zagrljaj,2
ogroman,1
zagrljaji,2
humerous,3
ponižen,-3
ponižavanje,-3
humor,2
smiješni,2
humor,2
humora,2
glad,-2
ura,5
povrijediti,-2
ranjavanje,-2
boli,-2
licemjerno,-2
histerija,-3
histerični,-3
histerija,-3
idiot,-3
idiotski,-3
neznanje,-2
neznanju,-2
ignorirati,-1
ignorira,-2
ignorira,-1
bolestan,-2
nezakonit,-3
nepismenost,-2
bolest,-2
bolesti,-2
imbecil,-3
imobilizirana,-1
besmrtni,2
imun,1
nestrpljiv,-2
nesavršena,-2
Značaj,2
važna,2
nametnuti,-1
nametnuti,-1
nameće,-1
impozantan,-1
nemoćan,-2
impresionirati,3
impresioniran,3
impresionira,3
impresivno,3
zatvoren,-2
poboljšati,2
poboljšana,2
poboljšanje,2
poboljšava,2
poboljšanje,2
nesposobnost,-2
nedjelovanje,-2
neodgovarajući,-2
nesposobni,-2
onesposobljen,-2
razjaren,-2
nesposobnost,-2
nesposobni,-2
bezobziran,-2
neugodnosti,-2
nezgodno,-2
povećavaju,1
povećan,1
neodlučan,-2
neuništiv,2
ravnodušnost,-2
ravnodušan,-2
ogorčen,-2
gnjev,-2
indoktrinirati,-2
indoktrinirani,-2
indoctrinates,-2
indoktriniranje,-2
neučinkovit,-2
neučinkovito,-2
zaluđen,2
zaljubljenost,2
zaraženo,-2
inferiorni,-2
upaljene,-2
utjecajni,2
povreda,-2
razbjesniti,-2
razbjesnilo,-2
ljuti,-2
furioznog,-2
spriječiti,-1
ozlijeđen,-2
ozljede,-2
nepravda,-2
inovacijama,1
innovates,1
inovacije,1
Inovativna,2
inkvizicija,-2
radoznao,2
ludi,-2
ludilo,-2
nesigurno,-2
neosjetljiv,-2
neosjetljivost,-2
beznačajna,-2
bljutav,-2
inspiracija,2
inspirativan,2
potaknuti,2
nadahnut,2
inspirira,2
nadahnuća,3
uvreda,-2
uvrijedio,-2
vrijeđanje,-2
uvrede,-2
netaknut,2
integritet,2
inteligentan,2
intenzivan,1
interes,1
zainteresirani,2
Zanimljivo,2
interesi,1
ispitivali,-2
prekinuti,-2
prekinuo,-2
prekidam,-2
prekida,-2
prekida,-2
zastrašivanja,-2
zastrašivao,-2
zastrašuje,-2
zastrašujuće,-2
zastrašivanja,-2
zamršen,2
intrige,1
nepobjediv,2
pozivam,1
neranjiv,2
srdit,-3
Ironično,-1
Ironija,-1
iracionalan,-1
neodoljiva,2
neodlučan,-2
neodgovorno,2
nepovratni,-1
iritirati,-3
razdražen,-3
iritantan,-3
izolirani,-1
svrbež,-2
magarac,-4
jackasses,-4
zatvoren,-2
samouvjeren,2
ljubomoran,-2
opasnost,-2
kreten,-3
Isuse,1
dragulj,1
dragulji,1
šaljiv,2
pridružiti,1
vic,2
vicevi,2
veseo,2
vedra,2
radost,3
radostan,3
radosno,3
bez radosti,-2
radostan,3
razdragan,3
nervozan,-1
pravda,2
opravdano,2
opravdano,2
ljut,1
ubiti,-3
ubijen,-3
ubijanje,-3
ubija,-3
vrsta,2
kinder,2
kiss,2
čast,3
nedostaje,-2
neodlučan,-2
lag,-1
zaostaje,-2
zaostaju,-2
zaostaje,-2
hrom,-2
orijentir,2
smijati,1
smijali,1
smijeha,1
smijeh,1
laughting,1
pokrenuta,1
lawl,3
Tužba,-2
tužbe,-2
lijeni,-1
procuriti,-1
pukotina,-1
ostaviti,-1
pravne,1
pravno,1
blag,1
letargičan,-2
letargija,-2
lažljivac,-3
lažljivci,-3
klevetnički,-2
lagali,-2
spasilac,4
vedar,1
kao,2
volio,2
voli,2
ograničenje,-1
ograničen,-1
Granice,-1
parnica,-1
sporno,-2
živo,2
izvan sebe od bijesa,-2
lmao,4
LMFAO,4
nerado,-3
mrzio,-3
loathes,-3
gađenje,-3
predvorje,-2
lobiranje,-2
lol,3
usamljeni,-2
usamljen,-2
čežnja,-1
razboj,-1
uzdizala,-1
nazire,-1
tkalački stanovi,-1
labav,-3
gubi,-3
gubitnik,-3
gubi,-3
Gubitak,-3
izgubljen,-3
simpatičan,3
ljubav,3
volio,3
lovelies,3
lijep,3
mila,2
najniža,-1
vjeran,3
odanost,3
sreća,3
Srećom,3
sretni,3
tužan,-2
luđak,-3
luđaci,-3
prijevara,-1
vreba,-1
vreba,-1
lud,-3
jako uzbudljiv,-3
našminkane,-1
ludo,-3
ludilo,-3
obavezno,-1
manipulirati,-1
manipulira,-1
manipulacija,-1
oduševljavati,3
divno,3
čudesa,3
remek-djelo,4
remek-djela,4
ma,1
stvari,1
zrele,2
smisla,2
besmisleno,-2
medalja,3
osrednjost,-3
meditativan,1
melankolije,-2
prijetnja,-2
ugroženi,-2
milost,2
vesela,3
nered,-2
zabrljati,-2
zabrljati gore,-2
metodičan,2
nepromišljen,-2
čudo,4
veselje,3
veseo,3
mirthfully,3
loše se ponaša,-2
misbehaved,-2
loše ponaša,-2
ne funkcionira ispravno,-2
nesreća,-1
Nevolje,-1
jadan,-3
bijeda,-2
bojazan,-2
dezinformacija,-2
krivo,-2
pogrešno protumačena,-2
zabludu,-3
pogrešno,-1
netočno,-2
pogrešno predstavljanje,-2
miss,-2
propustili,-2
nedostaje,-2
pogreška,-2
u zabludi,-2
greške,-2
zabune,-2
pogrešno shvatiti,-2
nesporazum,-2
pogrešno shvaća,-2
neshvaćen,-2
jaukanje,-2
moaned,-2
oplakivanje,-2
jauk,-2
mock,-2
prevario,-2
rugajući,-2
ruga,-2
raspirivanja,-2
monopolizirati,-2
monopol,-2
monopolizira,-2
monopolizirati,-2
ćudljiv,-1
sanjalo,-1
pokunjen,-1
kreten,-3
motherfucker,-5
jebeno,-5
motivirati,1
motivirani,2
motivirajuće,2
motivacija,1
tugovati,-2
oplakivati,-2
žalostan,-2
jad,-2
tuguje,-2
prosjački,-2
ubojstvo,-2
ubojica,-2
ubojstvo,-3
ubilački,-3
ubojstva,-2
mit,-1
n00b,-2
naivna,-2
gadno,-3
prirodno,1
naivni,-2
potrebitima,-2
negativan,-2
negativnost,-2
zanemarivanje,-2
zanemareno,-2
zapuštanje,-2
zanemaruje,-2
živci,-1
nervozni,-2
nervozno,-2
lijepo,3
divan,2
crnje,-5
crnac,-5
ne,-1
nema zabave,-3
plemeniti,2
glasan,-1
gluposti,-2
noob,-2
nosat,-2
nije dobro,-2
ne radi,-3
ozloglašen,-2
roman,2
otupio,-1
orasi,-3
uništiti,-2
izbrisan,-2
antipatičan,-3
opscen,-2
opsjednut,2
zastario,-2
prepreka,-2
prepreke,-2
tvrdoglava,-2
čudno,-2
uvrijediti,-2
uvrijedio,-2
počinitelj,-2
vrijeđa,-2
vrijeđa,-2
Pogledaj,-1
Oks,2
zloslutan,3
jednom u životu,-3
mogućnosti,2
prilika,2
tlačio,-2
tiranski,-2
optimizam,2
optimist,2
optionless,-2
vika,-2
outmaneuvered,-2
uvreda,-3
bijesna,-3
outreach,2
izvanredan,5
presretan,4
preopterećenja,-1
previdjeti,-1
pretjerivati,-2
Pretjerao,-2
overreaction,-2
overreacts,-2
oversell,-2
overselling,-2
oversells,-2
pojednostavljivanje,-2
oversimplified,-2
pojednostavljuje,-2
uprostiti,-2
pretjerivanje,-2
overstatements,-2
težine,-1
Oksimoron,-1
bol,-2
bolan,-2
panika,-3
panika,-3
Panike,-3
raj,3
Paradoksalno,-1
pardon,2
oproštene,2
pomilovanja,2
Ispričavam se,2
dogovarati se,-1
strastveni,2
pasivna,-1
pasivno,-1
jadno,-2
platiti,-1
mir,2
miran,2
mirno,2
kazna,-2
zamišljen,-1
savršen,3
usavršen,2
savršeno,3
Savršen sklad,2
pogibli,-2
krivokletstva,-3
počinitelj,-2
Počinitelji,-2
zbunjen,-2
progone,-2
progonjeni,-2
progoni,-2
progona,-2
uznemiren,-2
dosadan,-2
pesimizam,-2
pesimist,-2
okamenjena,-2
fobije,-2
slikovito,2
sudara,-1
pique,-2
uvrijeđen,-2
piss,-4
ljuta,-4
pissing,-3
jadan,-2
nemilice,-1
Šteta,-2
razigran,2
ugodan,3
molim te,1
zadovoljan,3
zadovoljstvo,3
staložen,-2
otrov,-2
otrovan,-2
otrovi,-2
onečistiti,-2
zagađena,-2
zagađivač,-2
zagađivači,-2
onečisti,-2
siromašni,-2
siromašniji,-2
najsiromašniji,-2
popularan,3
pozitivan,2
pozitivno,2
posesivan,-2
odgoditi,-1
odgođena,-1
odgađa,-1
odgađanja,-1
siromaštvo,-1
moćan,2
nemoćan,-2
hvala,3
pohvalio,3
pohvale,3
hvaleći,3
molite,1
moli,1
moli,1
prblm,-2
prblms,-2
pripremljena,1
tlak,-1
pod pritiskom,-2
pretvarati,-1
praveći,-1
pretvara,-1
lijepa,1
spriječiti,-1
spriječiti,-1
sprečavanje,-1
sprječava,-1
prick,-5
zatvor,-2
zatvorenik,-2
zatvorenici,-2
privilegirani,2
proaktivan,2
Problem,-2
problemi,-2
profiter,-2
napredak,2
istaknuti,2
obećanje,1
obećao,1
obećanja,1
promicanje,1
unaprijeđen,1
promiče,1
promicanje,1
propaganda,-2
progon,-1
procesuirani,-2
progoni,-1
tužiteljstvo,-1
perspektiva,1
izgledi,1
prosperitetna,3
zaštititi,1
zaštićena,1
štiti,1
prosvjedovati,-2
Prosvjednici,-2
prosvjeduju,-2
prosvjedi,-2
ponosni,2
ponosno,2
provocirati,-1
izazvali,-1
izaziva,-1
provocira,-1
pseudoznanost,-3
kazni,-2
kažnjen,-2
kažnjava,-2
kaznene,-2
agresivan,-1
zbunjen,-2
zabrinuto,-2
upitna,-2
pitanje,-1
ispitivanje,-1
rasizam,-3
rasist,-3
rasisti,-3
bijes,-2
rageful,-2
kišovito,-1
dreka,-3
drekavac,-3
ranters,-3
drekavaca,-3
silovanje,-4
silovatelj,-4
zanos,2
uznešeni,2
zanosa,2
zanesen,4
osip,-2
ratificirala,2
doći,1
postignut,1
doseže,1
dostizanje,1
uvjeriti,1
uvjeravanja,1
uvjerava,1
ohrabrujuća,2
pobuna,-2
recesija,-2
osvrće,-2
Preporučujemo,2
preporučeno,2
preporučuje,2
otkupljen,2
odbiti,-2
odbio,-2
odbija,-2
žao,-2
žalostan,-2
žaljenja,-2
požalio,-2
Žaleći,-2
odbiti,-1
odbijen,-1
odbacuje,-1
radovati,4
obradovah,4
raduje,4
radosni,4
opušteno,2
nemilosrdan,-1
oslanjaju,2
osloboditi,2
ublažava,1
olakšavanja,2
uživanja,2
izvanredan,2
kajanje,-2
odbiti,-1
odbija,-2
spašavanja,2
spasio,2
spašavanja,2
ogorčen,-2
ostavku,-1
ostavci,-1
podnio ostavku,-1
odlučan,2
riješiti,2
riješeno,2
rješava,2
Rješavanje,2
poštovani,2
odgovoran,2
osjetljiv,2
miran,2
nemirna,-2
vraćanje,1
obnovljena,1
obnavlja,1
vraćanje,1
ograničiti,-2
ograničen,-2
ograničavanja,-2
ograničenje,-2
ograničava,-2
zadržao,-1
retard,-2
retardirani,-2
povući,-1
osveta,-2
osvetoljubiv,-2
cijenjen,2
oživjeti,2
oživljava,2
nagrada,2
nagrađeni,2
nagrađivanje,2
nagrade,2
bogati,2
smiješan,-3
rig,-1
namještena,-1
pravac,3
strog,3
rigorozno,3
pobune,-2
nemiri,-2
rizika,-2
rizici,-2
orobiti,-2
razbojnik,-2
haljama,-2
robing,-2
krade,-2
robustan,2
ROFL,4
roflcopter,4
roflmao,4
romantika,2
rotfl,4
rotflmfao,4
rotflol,4
propast,-2
uništen,-2
uništava,-2
ruševine,-2
sabotaža,-2
tužno,-2
ražalostiti,-2
tužni,-2
nažalost,-2
sigurno,1
Sigurnost,1
važnija,1
glup,-1
sarkastičan,-2
zadovoljni,2
spremanje,2
spasio,2
prijevara,-2
prevare,-2
Skandal,-3
skandalozno,-3
skandali,-3
Azazelu,-2
okrivljuje,-2
panika,-2
prestrašen,-2
zastrašujuće,-2
skeptičan,-2
grditi,-2
kašičica,3
prezir,-2
podrugljiv,-2
vrištati,-2
vrisnula,-2
vrištanje,-2
vrišti,-2
pijan,-2
zeznuo,-3
scumbag,-4
siguran,2
osiguran,2
osigurava,2
propaganda,-2
pobuni,-2
zavedeni,-1
samouvjereni,2
self-obmanuti,-2
sebičan,-3
sebičnost,-3
rečenica,-2
osuđen,-2
rečenice,-2
kazne,-2
spokojan,2
žestoko,-2
seksi,3
klimav,-2
Šteta,-2
osramotila,-2
Sramotno,-2
udio,1
zajednički,1
dionice,1
razbijen,-2
sranje,-4
govnar,-4
usrani,-3
šok,-2
šokiran,-2
šokantno,-2
šokovi,-2
pucati,-1
kratkovidno,-2
kratkovidnost,-2
nestašica,-2
nestašica,-2
rovka,-4
sramežljiva,-1
bolestan,-2
Uzdah,-2
značaj,1
značajna,1
prigušenje,-1
glup,-1
iskrena,2
Iskreno,2
najiskrenija,2
iskrenost,2
grešno,-3
singleminded,-2
skeptik,-2
skeptičan,-2
skepticizam,-2
skeptici,-2
slam,-2
slash,-2
spustile,-2
kose crte,-2
kasapi,-2
ropstvo,-3
nesanica,-2
gladak,2
kauboj,2
slickest,2
trom,-2
drolja,-5
pametna,1
pametniji,2
najpametniji,2
bris,-2
Osmijeh,2
nasmiješio,2
osmijesi,2
nasmijana,2
smog,-2
tajni,-1
prćast,-2
ignorirane,-2
usporavanja,-2
snubs,-2
trežnjenje,1
ozbiljan,-1
čvrsta,2
solidarnost,2
rješenje,1
rješenja,1
riješiti,1
riješeno,1
rješava,1
rješavanje,1
tmuran,-2
neka,0
sin-of-a-kuja,-5
smiruje,3
umiruje,3
umirujuće,3
sofisticiran,2
bolovima,-1
tuga,-2
Žalosna,-2
Žao nam je,-1
spam,-2
spameri,-3
spameri,-3
spam,-2
iskra,1
iskra,3
iskre,3
pjenušava,3
spekulativne,-2
duh,1
duhovit,2
pokunjen,-2
zlurad,-2
odlično,3
čio,2
squelched,-1
ubod,-2
proboden,-2
stabilan,2
uboda,-2
štala,-2
zastoju,-2
odugovlačenje,-2
izdržljivost,2
stampedo,-2
začudilo,-2
gladovati,-2
izgladnjelo,-2
gladuje,-2
izgladnjeli,-2
postojani,2
kradu,-2
krade,-2
stereotip,-2
stereotipno,-2
ugušena,-1
poticati,1
stimulirana,1
potiče,1
poticajno,2
škrt,-2
ukraden,-2
zaustaviti,-1
zaustavljen,-1
zaustavljanja,-1
zaustavlja,-1
Krupan,2
ravno,1
čudno,-1
čudno,-1
zadavljena,-2
Snaga,2
ojačati,2
ojačan,2
jačanje,2
jača,2
naglasio je,-2
stresor,-2
stresori,-2
udario,-2
štrajk,-1
strijelci,-2
štrajkovi,-1
jaka,2
jači,2
najjači,2
udario,-1
bore,-2
borili,-2
borbe,-2
bore,-2
tvrdoglav,-2
zaglavi,-2
zapanjen,-2
zapanjujući,4
glupo,-2
glupo,-2
blag,2
bitan,1
uglavnom,1
subverzivan,-2
Uspjeh,2
uspješan,3
sisati,-3
sranje,-3
pate,-2
patnja,-2
pati,-2
samoubojstvu,-2
samoubojstvo,-2
tuži,-2
sulking,-2
mrzovoljan,-2
sumoran,-2
sunce,2
super,3
super,5
superior,2
podrška,2
podržan,2
navijač,1
navijači,1
podržava,1
podržavaju,2
podržava,2
preživio,2
preživljavanje,2
preživjela,2
Osumnjičeni,-1
sumnja,-1
sumnjajući,-1
Osumnjičeni,-1
obustaviti,-1
suspendiran,-1
sumnjivo,-2
kunem,-2
psovke,-2
kune,-2
slatko,2
brz,2
brzo,2
prijevara,-3
prijevara,-3
varanja,-3
suosjećajan,2
simpatija,2
tard,-2
suze,-2
tender,2
napeta,-2
napetost,-1
strašna,-3
Strašno,-3
sjajan,4
prestravljen,-3
užas,-3
terorizirati,-3
terorizirali,-3
terorizira,-3
hvala,2
zahvalan,2
hvala,2
trnovit,-2
zamišljen,2
nepromišljen,-2
prijetnja,-2
prijetiti,-2
ugroženi,-2
prijeteći,-2
prijeti,-2
prijetnje,-2
Oduševljeni,5
osujetiti,-2
osujećena,-2
onemogučavanje,-2
ometa,-2
plašljiva,-2
malodušan,-2
umorni,-2
sise,-2
tolerantan,2
bezubi,-2
top,2
vrhovima,2
rastrgan,-2
mučenje,-4
mučeni,-4
mučenja,-4
mučenje,-4
totalitarna,-2
totalitarizam,-2
tout,-2
krišom,-2
Preprodaja,-2
touts,-2
tragedija,-2
tragično,-2
mirno,2
trap,-1
zarobljeni,-2
trauma,-3
traumatičan,-3
lakrdija,-2
izdaja,-3
izdajničkog,-3
blago,2
blaga,2
drhtanje,-2
drhtav,-2
prevario,-2
varanje,-2
trijumf,4
pobjednik,4
Problem,-2
uznemiren,-2
nevolje,-2
istina,2
povjerenje,1
pouzdana,2
tumora,-2
twat,-5
ružan,-3
neprihvatljivo,-2
nepriznatoj,-2
neodobrenih,-2
svjesni,-2
Nevjerojatno,-1
nevjernik,-1
nepristran,2
neizvjesna,-1
nejasno,-1
neugodno,-2
ravnodušan,-2
nepotvrđen,-1
uvjereni,-1
uncredited,-1
neodlučan,-1
podcjenjuju,-1
podcjenjivati,-1
podcjenjuje,-1
podcjenjujući,-1
potkopati,-2
narušena,-2
potkopava,-2
podrivanje,-2
zaslužuju,-2
nepoželjno,-2
nelagodno,-2
nezaposlenost,-2
nejednaki,-1
nedostižan,2
nemoralan,-2
nepravedan,-2
unfocused,-2
neispunjena,-2
nesretan,-2
nezdravo,-2
jedinstven,1
impresioniran,-2
neinteligentan,-2
ujedinjeni,1
nepravedan,-2
nedopadljiv,-2
nevoljeno,-2
neodgovarajući,1
nemotivirani,-2
neprofesionalno,-2
neistražena,-2
nezadovoljni,-2
nezaštićen,-2
uznemirena,-1
priprost,-2
nestabilna,-2
nezaustavljiv,2
podržavati,-2
sigurni,-1
neuništenog sjaja,2
neželjeno,-2
nedostojan,-2
uzrujan,-2
šokovi,-2
uzrujala,-2
napet,-2
hitno,-1
korisno,2
korisnost,2
beskorisno,-2
beskorisnost,-2
nejasne,-2
provjeriti,1
potvrđena,1
Potvrđuje,1
provjera valjanosti,1
presuda,-1
presude,-1
stečena,1
pusta,-2
dosadan,-2
jarke,3
opaka,-2
žrtva,-3
žrtvovati,-3
žrtve,-3
victimizes,-3
viktimizacija,-3
žrtve,-3
budan,3
vile,-3
opravdati,2
opravdan,2
opravdava,2
obrani,2
krše,-2
povrijeđeno,-2
povrijedi,-2
kršenja,-2
nasilja,-3
nasilni,-3
vrli,2
zarazan,-2
vizija,1
vizionar,3
Komunikacijska,1
vizije,1
vitalnost,3
vitamin,1
jedak,-3
živahna,3
glasniji,-1
ranjivost,-2
ranjiv,-2
štrajk,-2
walkouts,-2
onanist,-3
žele,1
rat,-2
rat,-2
toplo,1
toplina,2
upozoravaju,-2
upozorio,-2
Upozorenje,-3
upozorenja,-3
upozorava,-2
otpada,-1
izgubiti,-2
troši,-2
kolebljiv,-1
slab,-2
slabost,-2
bogatstvo,3
bogati,2
umoran,-2
plakati,-2
plačući,-2
čudno,-2
dobrodošli,2
dobrodošla,2
pozdravlja,2
ćudljiv,1
kreč,-3
kurva,-4
zli,-2
udovac,-1
spremnost,2
pobjeda,4
pobjednik,4
pobjedu,4
pobjeda,4
winwin,3
žele,1
želi,1
želeći,1
Povlačenje,-3
jadan i nesretan,-2
jadan,-3
pobijedio,3
divno,4
woo,3
Juhu,3
wooo,4
woow,4
istrošene,-1
zabrinuti,-3
brige,-3
zabrinjavajuće,-3
gore,-3
pogoršati,-3
pogoršalo,-3
Pogoršanje,-3
pogoršava,-3
obožavao,3
najgore,-3
vrijedan,2
bezvrijedno,-2
vrijedna,2
wow,4
wowow,4
wowww,4
srdit,-3
olupina,-2
krivo,-2
nepravdu,-2
wtf,-4
Da,1
čežnja,1
yeees,2
da,1
mladenački,2
yucky,-2
ukusan,3
fanatik,-2
fanatici,-2
gorljiv,2