verlaten,-2
verlaten,-2
verlaat,-2
ontvoerd,-2
abductie,-2
abductie,-2
verafschuwen,-3
verafschuwd,-3
weerzinwekkend,-3
verafschuwt,-3
capaciteiten,2
vermogen,2
boord,1
afwezige,-1
afwezigen,-1
ontheffen,2
ontheven,2
vrijspreekt,2
ontheven,2
geabsorbeerd,1
misbruik,-3
misbruikt,-3
misstanden,-3
beledigend,-3
aanvaarden,1
aanvaard,1
aanvaarding,1
accepteert,1
ongeval,-2
accidentele,-2
ongeluk,-2
ongevallen,-2
volbrengen,2
volbracht,2
volbrengt,2
beschuldiging,-2
beschuldigingen,-2
beschuldigen,-2
verdachte,-2
beschuldigt,-2
beschuldigd,-2
pijn,-2
haalbare,1
pijn,-2
onschuldig,2
ontslaat,2
vrijgesproken,2
bevrijdende,2
bitter,-3
actief,1
adequate,1
genieten,3
bewonderde,3
bewondert,3
bewonderen,3
toe,-1
erkent,-1
toegegeven,-1
waarschuwen,-2
maande,-2
vast te stellen,1
aanneemt,1
aanbiddelijk,3
aanbid,3
vonden,3
dol,3
geavanceerde,1
voordeel,2
voordelen,2
avontuur,2
avonturen,2
avontuurlijk,2
beïnvloed,-1
affectie,3
aanhankelijk,3
getroffen,-1
beledigd,-1
bang,-2
verergeren,-2
verergerd,-2
verergert,-2
verzwarende,-2
agressie,-2
agressie,-2
agressief,-2
ontzet,-2
agog,2
kwellen,-3
gekweld,-3
agonises,-3
pijnlijke,-3
kwellen,-3
gekweld,-3
agonizes,-3
pijnlijke,-3
eens,1
aangenaam,2
is overeengekomen,1
overeenkomst,1
stemt,1
alarm,-2
gealarmeerd,-2
alarmerende,-2
alarmisten,-2
helaas,-1
alert,-1
vervreemding,-2
levend,1
allergische,-2
mogelijk,1
alleen,-2
verrassen,2
verbaasd,2
verbaast,2
geweldig,4
ambitieuze,2
ambivalente,-1
amuse,3
geamuseerd,3
amusement,3
amusement,3
woede,-3
woede,-3
boos,-3
angst,-3
gekweld,-3
vijandigheid,-2
ergeren,-2
ergernis,-2
geïrriteerd,-2
vervelend,-2
irriteert,-2
antagonistische,-2
anti,-1
anticipatie,1
angst,-2
angstig,-2
apathisch,-3
lusteloosheid,-3
apeshit,-3
apocalyptisch,-2
excuses,-1
verontschuldigde,-1
verontschuldigt,-1
verontschuldigen,-1
excuses,-1
verontschuldigde,-1
verontschuldigt,-1
verontschuldigen,-1
verontschuldiging,-1
geschokt,-2
verschrikkelijk,-2
kalmeren,2
gekalmeerd,2
kalmeert,2
kalmeren,2
moedigen,2
toegejuicht,2
applaudisseren,2
prijst,2
applaus,2
waarderen,2
gewaardeerd,2
waardeert,2
waarderen,2
appreciatie,2
bezorgd,-2
goedkeuring,2
goedgekeurd,2
goedkeurt,2
vurige,1
arresteren,-2
gearresteerd,-3
arrestatie,-2
arrogant,-2
ashame,-2
schaamte,-2
ass,-4
moord,-3
moorden,-3
activa,2
activa,2
kontneuken,-4
lul,-4
ontzetten,2
versteld,3
versteld,3
verbazingwekkend,3
verbluffend,3
astounds,3
aanval,-1
aangevallen,-1
aanvallen,-1
aanvallen,-1
trekken,1
aangetrokken,1
aantrekken,2
aantrekking,2
attracties,2
trekt,1
audacious,3
autoriteit,1
voorkomen,-1
afgewend,-1
averts,-1
gretige,2
voorkomen,-1
vermeden,-1
vermijdt,-1
af te wachten,-1
afgewacht,1
wacht,-1
award,3
toegekend,3
awards,3
ontzagwekkend,4
verschrikkelijk,-3
onhandig,-2
ax,-1
afgeschaft,-1
backed,1
backing,2
ruggen,1
slecht,-3
badass,-3
slecht,-3
bailout,-2
bamboozle,-2
bamboozled,-2
Bamboozles,-2
verbod,2
uitbannen,1
failliet,-3
bankster,-3
verboden,2
koopje,2
barrière,-2
bastaard,-5
schoften,-5
slag,-1
slagen,-1
geslagen,-2
beatific,3
slaan,-1
schoonheid,3
mooi,3
prachtig,3
verfraaien,3
kleineren,-2
gekleineerd,-2
geliefde,3
voordeel,2
voordelen,2
geprofiteerd,2
Profiterend,2
beroven,-2
getroffenen,-2
kinderen beroofd,-2
berooft,-2
best,3
verraden,-3
verraad,-3
verraden,-3
verraden,-3
verraadt,-3
beter,2
bias,-1
voorgespannen,-2
groot,1
wijfje,-5
wijfjes,-5
bitter,-2
bitter,2
bizarre,-2
bla,-2
schuld,-2
schuld,-2
beschuldigt,-2
schuld,-2
zegen,2
zegent,2
zegen,3
blind,-1
Bliss,3
naïef,3
blithe,2
blok,-1
blockbuster,3
geblokkeerd,1
blokkeren,-1
blokken,-1
bloedig,-3
onscherp,-2
pochers,2
vet,2
vrijmoedig,2
bom,-1
boost,1
gestimuleerd,1
stimuleren,1
boosts,1
boring,-2
bored,-2
saai,-3
moeite,-2
gehinderd,-2
stoort,2
hinderlijk,-2
boycot,-2
geboycot,-2
boycot,-2
boycots,2
hersenspoeling,-3
moed,2
doorbraak,3
adembenemend,5
omkopen,-3
helder,1
helderste,2
Helderheid,1
brilliant,4
levendig,2
brak,-1
gebroken,-1
broeden,-2
gepest,-2
bullshit,-4
pesten,-2
pesten,-2
minpunt,-2
drijfvermogen,2
belasting,-2
belast,-2
belasten,-2
lasten,2
kalm,2
gekalmeerd,2
kalmerende,2
kalmeert,2
Kan niet staan,-3
annuleren,1
geannuleerd,1
annuleren,1
annuleert,-1
kanker,-1
staat,1
ban,3
schelen,2
onbezorgde,1
voorzichtig,2
goed,2
onzorgvuldig,-2
zorgen,2
In te betalen,-2
ongeval,-2
catastrofe,-3
katastrofisch,-4
voorzichtige,-1
vieren,3
gevierd,3
viert,3
vieren,3
censor,-2
gecensureerd,-2
censor,-2
bepaalde,1
chagrin,-2
chagrijnig,-2
uitdaging,1
kans,2
kansen,2
chaos,-2
chaotisch,-2
opgeladen,-3
lasten,-2
b,3
charmante,3
charmless,-3
kastijden,-3
getuchtigd,-3
kastijdt,-3
kastijden,-3
bedriegen,-3
bedrogen,-3
bedrieger,-3
bedriegers,-3
cheats,-3
bemoedigen,2
juichten,2
vrolijk,2
toejuichen,2
cheerless,-2
cheers,2
vrolijk,3
koesteren,2
geliefd,2
koestert,2
koesteren,2
elegant,2
kinderlijke,-2
koelen,-1
stikken,-2
gesmoord,-2
smoorspoelen,2
verstikking,-2
verduidelijkt,2
helderheid,2
botsen,-2
elegant,3
schoon,2
schoner,2
duidelijk,1
gewist,1
duidelijk,1
verholpen,1
slim,2
betrokken,-1
idee,-2
haan,-5
cocksucker,-5
cocksuckers,-5
verwaand,-2
gedwongen,-2
instorten,-2
samengevouwen,-2
instortingen,2
instorten,-2
botsen,-1
botst,-1
botsen,-1
botsing,-2
botsingen,-2
samenspannen,-3
gevecht,-1
bestrijdt,-1
komedie,1
comfort,2
comfortabel,2
geruststellend,2
comfort,2
bevelen,2
geprezen,2
commit,1
commitment,2
begaat,1
begaan,1
plegen,1
compassionate,2
gedwongen,1
competent,2
concurrerend,2
leunen,-2
klaag,-2
klaagde,-2
klaagt,-2
uitgebreide,2
verzoenen,2
verzoend,2
verzoent,2
verzoenen,2
veroordelen,2
oordeel,-2
veroordeeld,2
veroordeelt,2
vertrouwen,2
zeker,2
conflict,-2
tegenstrijdige,-2
conflictueuze,-2
conflicten,-2
verwarren,-2
verward,2
verwarrend,-2
congrats,2
complimenteren,2
gelukwens,2
gefeliciteerd,2
toestemming,2
toestemmingen,2
troostbaar,2
samenzwering,-3
beperkt,-2
besmetting,-2
besmettingen,-2
besmettelijk,-1
minachting,2
minachtend,2
verachtelijk,2
betogen,1
mededinger,-1
strijdende,-1
omstreden,-2
aanvechtbaar,2
controversieel,-2
controversieel,-2
overtuigen,1
overtuigd,1
overtuigen,1
gebruikersvriendelijke,2
koel,1
Leuke dingen,3
cornered,-2
lijk,-1
kostbaar,-2
moed,2
moedig,2
beleefd,2
hoffelijkheid,2
dekmantel,-3
laf,2
laf,-2
gezelligheid,2
kramp,-1
crap,-3
crash,-2
gekker,-2
craziest,-2
gek,-2
creatief,2
crestfallen,-2
riep,2
roept,2
misdaad,-3
crimineel,-3
criminelen,-3
crisis,-3
kritiek,-2
kritiek,-2
kritiek,-2
kritiek,-2
kritiek,-2
kritiek,-2
critici,-2
wreed,-3
wreedheid,-3
verpletteren,-1
gemalen,-2
verbrijzeling,-1
verpletteren,-1
huilen,-1
huilen,-2
cunt,-5
nieuwsgierig,1
vloek,1
gesneden,-1
schattig,2
snijwonden,-1
snijden,-1
cynicus,-2
cynisch,-2
cynisme,2
schade,-3
schade,-3
damn,-4
verdoemden,4
verdomme,-4
gevaar,-2
waaghals,2
gewaagd,2
donkerste,2
duisternis,-1
dauntless,2
dood,-3
deadlock,-2
oorverdovend,-1
Beste,2
duur,3
dood,-2
debonair,2
schuld,-2
bedrog,-3
bedrieglijk,-3
bedriegen,-3
bedrogen,-3
bedriegt,-3
bedriegen,-3
misleiding,-3
beslissende,1
toegewijd,2
verslagen,-2
defect,-3
defecten,-3
fase,2
verdediging,2
weerloos,2
uitstellen,-1
uitstellen,-1
uitdagend,-1
tekort,2
degraderen,2
gedegradeerd,-2
degradeert,-2
ontmenselijken,-2
ontmenselijkte,-2
ontmenselijkt,-2
dehumanizing,-2
ontmoedigen,-2
dejected,-2
dejecting,-2
dejects,-2
vertraging,1
vertraagde,-1
genot,3
gelukkig,3
delighting,3
lekkernijen,3
demand,-1
eiste,1
veeleisend,-1
eisen,1
demonstratie,-1
gedemoraliseerd,2
ontkend,-2
denier,-2
deniers,-2
betwist,2
kaak,-2
kaak,-2
ontkennen,-2
ontkennen,-2
depressief,-2
indrukken,-2
ontsporen,-2
ontspoord,-2
ontspoort,-2
spotten,-2
derided,-2
clerides,-2
bespotten,-2
spot,-2
wenselijk,2
verlangen,1
gewenst,2
verlangend,2
wanhoop,-3
wanhopig en,3
wanhoopt,-3
wanhopig,-3
wanhopig,-3
moedeloos,-3
vernietigen,-3
vernietigd,3
vernietigen,3
vernietigt,-3
vernietiging,-3
destructief,-3
vrijstaand,-1
ophouden,-2
vastgehouden,-2
detentie,-2
bepaald,2
verwoesten,-2
verwoest,-2
verwoestende,-2
toegewijd,3
diamant,1
dick,-4
eikel,-4
sterven,-3
stierf,-3
moeilijk,-1
diffident,-2
dilemma,-1
dipshit,-3
dire,-3
onheilspellend,-3
vuil,-2
vuiler,-2
smerigste,-2
vuile,-2
invaliditeit,1
nadeel,-2
benadeeld,-2
verdwijnen,-1
verdwenen,-1
verdwijnt,-1
teleurstellen,-2
teleurgesteld,-2
teleurstellend,-2
vandaag,-2
teleurstellingen,-2
teleur,-2
ramp,-2
rampen,-2
rampzalig,-3
geloven,-2
ontdoen,-1
weggegooid,-1
ontdoen,-1
ontdoet,-1
somber,-2
disconsolation,-2
ontevreden,-2
onenigheid,-2
verdisconteerd,-1
ontmoedigd,-2
opspraak,-2
minachting,-2
ongenade,-2
ongenade gevallen,-2
verhullen,-1
vermomd,-1
vermommingen,-1
vermommen,-1
walging,-3
walgen,-3
walgelijk,-3
ontmoedigd,-2
oneerlijk,-2
gedesillusioneerd,-2
geneigd,-2
onsamenhangende,-2
afkeer,-2
somber,-2
ontzet,-2
stoornis,-2
ongeorganiseerd,-2
gedesoriënteerd,-2
kleineren,-2
gekleineerd,-2
kleineert,-2
disparaging,-2
ontstemd,-2
geschil,-2
betwist,-2
geschillen,-2
geschil,-2
gediskwalificeerd,-2
onrust,-2
negeren,-2
genegeerd,-2
negeren,-2
negeert,-2
respect,-2
gerespecteerd,-2
ontwrichting,-2
verstoringen,-2
storend,-2
ontevreden,-2
vervormen,-2
vervormd,-2
vervormen,-2
vervormt,-2
afleiden,-2
afgeleid,-2
afleiding,-2
afleidt,-2
nood,-2
verontrust,-2
noden,-2
verontrustend,-2
wantrouwen,-3
wantrouwend,-3
verstoren,-2
gestoord,-2
storend,-2
verstoort,-2
dithering,-2
duizelig,-1
ontwijken,-2
onbetrouwbare,-2
Werkt niet,-3
droefgeestig,-2
Vind je niet leuk,-2
doom,-2
gedoemd,-2
twijfel,-1
getwijfeld,-1
twijfelachtig,-1
twijfel,-1
douche,-3
douchebag,-3
neergeslagen,-2
downhearted,-2
neerwaartse,-2
belemmering,-1
gesleept,-1
sleept,-1
uitgelekt,-2
angst,-2
gevreesde,-2
verschrikkelijk,-3
met bang,-2
droom,1
dromen,1
somber,-2
hangende,-2
daling,-1
verdrinken,-2
verdronken,-2
gedronken,-2
twijfelachtig,-2
dud,-2
dof,-2
stom,-3
dumbass,-3
dump,-1
gedumpt,-2
stortplaatsen,-1
misleiden,-2
bedrogen,-2
dysfunctie,-2
gretig,2
ernstig,2
verlichten,2
eenvoudig,1
extatische,4
eng,-2
eery,-2
effectieve,2
effectief,2
uitgelaten,3
euforie,3
elegant,2
verlegenheid,-2
pijnlijk,-2
verlegenheid,-2
verbitterd,-2
omarmen,1
noodsituatie,-2
begrijpende,2
leegte,-1
lege,-1
verrukt,2
moedigen,2
aangemoedigd,2
aanmoediging,2
bevordert,2
onderschrijven,2
bekrachtigd,2
goedkeuring,2
onderschrijft,2
vijanden,-2
vijand,-2
energiek,2
aangrijpen,1
aangrijpt,1
verdiept,1
genieten,2
genieten,2
geniet,2
verlichten,2
verlicht,2
verhelderend,2
verlicht,2
verveling,-2
woedend,-2
enraging,-2
verrukken,3
slaaf,-2
slaaf,-2
slaaf,-2
waarborgen,1
verzekeren,1
ondernemen,1
onderhoudend,2
boeien,3
enthousiast,3
getiteld,1
toevertrouwd,2
benijdt,-1
jaloers,-2
jaloers,-1
nijd,-1
foutieve,-2
error,-2
fouten,-2
ontsnappen,-1
ontsnapt,-1
ontsnappen,-1
gewaardeerde,2
ethische,2
euforie,3
euforisch,4
uitzetting,-1
kwaad,-3
overdrijven,-2
overdreven,-2
overdrijft,-2
overdrijven,-2
geïrriteerd,2
topkwaliteit,3
uitstekend,3
prikkelen,3
opgewonden,3
opwinding,3
spannend,3
sluiten,-1
uitgesloten,-2
uitsluiting,-1
exclusief,2
kwalijk,-1
vrijgesteld,-1
uitgeput,-2
uitgelaten,3
inspireert,3
opwindend,3
ontheft,2
vrijgesteld,2
vrijstelt,2
ontlastende,2
breiden,1
expandeert,1
verdrijven,-2
verdreven,-2
verdrijven,-2
verdrijft,-2
exploiteren,-2
benut,-2
exploiteren,-2
exploits,-2
exploratie,1
verkenningen,1
bloot,-1
blootgesteld,-1
blootstelt,-1
blootstellen,-1
breiden,1
uitstrekt,1
uitbundige,4
exultant,3
triomfantelijk,3
geweldig,4
nieuwigheid,-2
fag,-3
fagot,-3
takkenbossen,-3
mislukken,-2
mislukt,-2
falende,-2
faalt,-2
mislukking,-2
mislukkingen,-2
watjes,-2
eerlijk,2
geloof,1
getrouwe,3
fake,-3
vervalsingen,-3
faken,-3
gevallen,-2
vallen,-1
vervalst,-3
vervalsen,-3
fame,1
ventilator,3
fantastisch,4
farce,-1
boeien,3
gefascineerd,3
fascineert,3
fascinerende,3
fascistisch,-2
fascisten,-2
doden,-3
noodlottigheid,-3
vermoeidheid,-2
vermoeid,-2
vermoeit,-2
vermoeiend,-2
gunst,2
begunstigd,2
favoriet,2
favorited,2
favorieten,2
gunsten,2
angst,-2
angstig,-2
angst,-2
angst,2
afschrikwekkend,-2
Opgevoed,-3
zwak,-2
gevoel,1
misdrijven,-3
misdrijf,-3
vurig,2
fervid,2
feestelijk,2
fiasco,-3
fidgety,-2
vechten,-1
fijn,2
brand,-2
in brand gestoken,-2
vuren,-2
fit,1
fitness,1
vlaggenschip,2
vlucht,-1
flop,-2
flops,-2
griep,-2
opgewonden,-2
geconcentreerd,2
fond,2
fondness,2
misleiden,-2
dom,-2
dwazen,-2
gedwongen,-1
afscherming,-2
verhinderingen,-2
vergeet,-1
vergeetachtig,-2
vergeven,1
vergevingsgezind,1
vergeten,-1
gelukkig,2
gek,-1
fraude,-4
fraudeur,-4
fraudeurs,-4
bedrog,-4
frauduleus,-4
vrij,1
vrijheid,2
razernij,-3
vers,1
gezellig,2
angst,-2
angstig,-2
beangstigend,-3
frikin,-2
dartel,2
fronsen,-1
frustreren,-2
gefrustreerd,-2
frustreert,-2
frustrerend,-2
frustratie,-2
ftw,3
fuck,-4
fucked,-4
neuker,-4
fuckers,-4
fuckface,-4
fuckhead,-4
neuken,-4
fucktard,-4
fud,-3
fuked,-4
Fuking,-4
vervullen,2
vervuld,2
vervult,2
rokend,-2
fun,4
begrafenis,-1
begrafenissen,-1
funky,2
grappiger,4
grappig,4
woedend,-3
zinloos,2
gag,-2
mond gesnoerd,-2
krijgen,2
opgedaan,2
wint,2
winsten,2
dappere,3
galant,3
gallantry,3
gul,2
genial,3
ghost,-1
duizelig,-2
gift,2
blij,3
glamour,3
glamourous,3
vreugde,3
vrolijk,3
duisternis,-1
somber,-2
heerlijke,2
glorie,2
sip,-2
god,1
verdomme,-3
vondst,4
goed,3
goedheid,3
gratie,1
genadig,3
grand,3
toelage,1
verleend,1
toekenning,1
subsidies,1
dankbaar,3
bevrediging,2
graf,-2
grijs,-1
groot,3
meer,3
grootst,3
hebzucht,-3
gulzige,-2
Groene was,-3
Groen wassen,-3
greenwash,-3
greenwasher,-3
greenwashers,-3
greenwashing,-3
groeten,1
overvallen,1
groet,1
groeten,2
groet,1
grijs,-1
zorg,-2
bedroefd,-2
bruto,-2
groeit,1
groei,2
waarborg,1
schuld,-3
schuldig,-3
lichtgelovigheid,-2
lichtgelovig,-2
gun,-1
ha,2
gekraakt,-1
haha,3
hahaha,3
hahahah,3
hagel,2
aangeroepen,2
ongelukkige,-2
haplessness,-2
geluk,3
gelukkig,3
hard,-1
sterkere,2
ontbering,-2
Hardy,2
schade,-2
geschaad,-2
schadelijke,-2
schaden,-2
schaadt,-2
gestoord,-2
hard,-2
hardere,-2
zwaarste,-2
haat,-3
gehaat,-3
haters,-3
haat,-3
haten,-3
achtervolgen,-1
achtervolgd,-2
rondspoken,1
trefpunten,-1
verwoesting,-2
gezond,2
hartverscheurend,-3
diepbedroefd,-3
diep,3
hemel,2
paradijselijk,4
heavyhearted,-2
hel,-4
helpen,2
behulpzaam,2
helpen,2
hulpeloos,-2
helpt,2
held,2
Helden,2
heroïsche,3
aarzelend,-2
aarzelen,-2
verborgen,-1
verbergen,-1
huiden,-1
verbergen,-1
hoogtepunt,2
dolkomisch,2
hindering,-2
hoax,-2
heimwee,-2
eerlijk,2
eer,2
vereerd,2
eren,2
eer,2
vereerd,2
eren,2
hooligan,-2
vandalisme,-2
hooligans,-2
hoop,2
hoop,2
hopelijk,2
hopeloos,-2
wanhoop,-2
hoop,2
hoop,2
afschuwelijke,-3
verschrikkelijk,-3
gruwelijke,-3
geschokt,-3
vijandige,-2
venter,-2
omhelzen,2
enorm,1
hugs,2
humerous,3
vernederd,-3
vernedering,-3
humor,2
humoristisch,2
humor,2
humoristisch,2
honger,-2
hurray,5
kwetsen,-2
pijn,-2
pijn,-2
hypocriet,-2
hysterie,-3
hysterisch,-3
idiot,-3
idioot,-3
onwetendheid,-2
onwetend,-2
negeren,-1
genegeerd,-2
negeert,-1
ziek,-2
onwettig,-3
analfabetisme,-2
ziekte,-2
ziekten,-2
imbeciel,-3
geïmmobiliseerd,-1
onsterfelijk,2
immuunsysteem,1
ongeduldig,-2
onvolmaakt,-2
belang,2
belangrijk,2
opleggen,-1
opgelegd,-1
oplegt,-1
opleggen,-1
impotente,-2
indruk,3
indruk,3
imponeert,3
indrukwekkend,3
gevangen,-2
verbetering,2
verbeterd,2
verbetering,2
verbetert,2
verbetering,2
onmogelijkheid,-2
inactiviteit,-2
ontoereikend,-2
staat,-2
arbeidsongeschikt,-2
incensed,-2
incompetentie,-2
incompetent,-2
onachtzaam,-2
ongemak,-2
onhandig,-2
verhogen,1
toegenomen,1
afdoend,-2
onverwoestbaar,2
onverschilligheid,-2
onverschillig,-2
kwalijk;,-2
verontwaardiging,-2
indoctrineren,-2
geïndoctrineerd,-2
indoctrineert,-2
indoctrineren,-2
ineffectief,-2
ondoelmatig,-2
verblind,2
verliefdheid,2
besmet,-2
inferieur,-2
ontstoken,-2
invloedrijke,2
inbreuk,-2
woeden,-2
infuriated,-2
infuriates,-2
infuriating,-2
remmen,-1
gewond,-2
letsel,-2
onrecht,-2
vernieuwen,1
innoveert,1
innovatie,1
innovatief,2
inquisitie,-2
nieuwsgierig,2
gek,-2
geestesziekte,-2
onzeker,-2
ongevoelig,-2
ongevoeligheid,-2
onbelangrijk,-2
smakeloos,-2
inspiratie,2
inspirerend,2
inspireren,2
geïnspireerd,2
inspireert,2
inspirerend,3
insult,-2
beledigd,-2
beledigen,-2
beledigingen,-2
intact,2
integriteit,2
intelligent,2
intense,1
rente,1
geïnteresseerd,2
interessant,2
interesses,1
ondervraagd,-2
onderbreken,-2
onderbroken,-2
onderbreken,-2
onderbreking,-2
onderbreekt,-2
intimideren,-2
geïntimideerd,-2
intimideert,-2
bedreigende,-2
intimidatie,-2
ingewikkeld,2
intriges,1
onkwetsbaar,2
uitnodigen,1
uitnodigend,1
onkwetsbaar,2
woedende,-3
ironisch,-1
ironie,-1
irrationeel,-1
onweerstaanbaar,2
besluiteloos,-2
onverantwoord,2
onomkeerbaar,-1
irriteren,-3
geïrriteerd,-3
irriterend,-3
geïsoleerd,-1
jeukende,-2
domoor,-4
ezels,-4
gevangen gezet,-2
jaunty,2
jaloers,-2
gevaar,-2
jerk,-3
Jesus,1
jewel,1
juwelen,1
jocular,2
join,1
grap,2
moppen,2
heel,2
jovial,2
vreugde,3
blij,3
vreugde,3
joyless,-2
joyous,3
jubilant,3
springerig,-1
rechtvaardigheid,2
terecht,2
gerechtvaardigd,2
scherp,1
doden,-3
gedood,-3
doden,-3
doodt,-3
kind,2
kinder,2
kus,2
pluim,3
ontberen,-2
lackadaisical,-2
lag,-1
jetlag,-2
achterblijvende,-2
blijft,-2
lame,-2
landmark,2
lachen,1
lachen,1
lachen,1
lach,1
laughting,1
gelanceerd,1
lawl,3
rechtszaak,-2
processen,-2
lui,-1
lek,-1
gelekt,-1
verlaten,-1
juridische,1
juridisch,1
milde,1
lethargisch,-2
lethargie,-2
leugenaar,-3
leugenaars,-3
lasterlijk,-2
loog,-2
lifesaver,4
luchtig,1
zoals,2
vond,2
wil,2
beperking,-1
beperkt,-1
beperkingen,-1
geschillen,-1
litigious,-2
levendig,2
woest,-2
LMAO,4
lmfao,4
verafschuwen,-3
verafschuwde,-3
verafschuwt,-3
afschuw,-3
lobby,-2
lobby,-2
lol,3
eenzaam,-2
eenzaam,-2
verlangen,-1
weefgetouw,-1
doemde,-1
opdoemen,-1
weefgetouwen,-1
losse,-3
verliest,-3
verliezer,-3
verliezende,-3
verlies,-3
verloren,-3
lief,3
liefde,3
hield,3
lovelies,3
mooi,3
liefdevolle,2
laagste,-1
loyaal,3
loyaliteit,3
geluk,3
Gelukkig,3
geluk,3
lugubrious,-2
krankzinnige,-3
gekken,-3
schuilen,-1
loer,-1
schuilt,-1
gek,-3
gekmakende,-3
geconfectioneerde,-1
gek,-3
waanzin,-3
verplicht,-1
gemanipuleerde,-1
manipuleren,-1
manipulatie,-1
marvel,3
prachtig,3
marvels,3
meesterwerk,4
meesterwerken,4
stof,1
kwesties,1
volwassen,2
zinvol,2
zinloos,-2
medaille,3
middelmatigheid,-3
meditatief,1
melancholie,-2
dreiging,-2
bedreigd,-2
genade,2
vrolijk,3
knoei,-2
geknoeid,-2
Messing up,-2
methodische,2
hersenloze,-2
wonder,4
vreugde,3
mirthful,3
mirthfully,3
misdragen,-2
misdragen,-2
misdraagt,-2
misdragen,-2
kwaad,-1
mischiefs,-1
ellendig,-3
ellende,-2
wantrouwen,-2
verkeerde,-2
geïnformeerd,-2
verkeerd geïnterpreteerd,-2
misleidend,-3
verkeerd,-1
misreporting,-2
misleiding,-2
miss,-2
gemist,-2
ontbrekende,-2
fout,-2
vergist,-2
fouten,-2
verwarren,-2
verkeerd,-2
misverstand,-2
begrijpt,-2
begrepen,-2
klagen,-2
klagen,-2
kreunen,-2
gekreun,-2
spot,-2
spotten,-2
spot,-2
spot,-2
mongering,-2
monopoliseren,-2
gemonopoliseerd,-2
monopoliseert,-2
monopoliseren,-2
Moody,-1
druilen,-1
moping,-1
idioot,-3
klootzak,-5
motherfucking,-5
motiveren,1
gemotiveerd,2
motiveren,2
motivatie,1
rouw,-2
rouwde,-2
sombere,-2
rouw,-2
treurt,-2
beleidig,-2
moord,-2
moordenaar,-2
vermoorden,-3
moorddadige,-3
moord,-2
mythe,-1
n00b,-2
naïef,-2
nare,-3
natuurlijk,1
naïef,-2
behoeftig,-2
negatief,-2
negativiteit,-2
verwaarlozing,-2
verwaarloosd,-2
verwaarlozen,-2
verwaarloost,-2
zenuwen,-1
nerveus,-2
zenuwachtig,-2
mooi,3
handige,2
niggas,-5
nigger,-5
nee,-1
Niet leuk,-3
edel,2
luidruchtig,-1
nonsense,-2
noob,-2
nieuwsgierig,-2
Niet goed,-2
Niet werken,-3
bekend,-2
nieuw,2
verdoofd,-1
noten,-3
wissen,-2
uitgewist,-2
onaangenaam,-3
obscene,-2
bezeten,2
verouderd,-2
obstakel,-2
obstakels,-2
hardnekkige,-2
oneven,-2
aanstoot,-2
gekwetst,-2
overtreder,-2
overtredende,-2
kwetst,-2
offline,-1
OKS,2
onheilspellend,3
once-in-a-lifetime,3
kansen,2
kans,2
onderdrukten,-2
onderdrukkende,-2
optimisme,2
optimistisch,2
optionless,-2
uitroep,-2
uitgemanoeuvreerd,-2
verontwaardiging,-3
verontwaardigd,-3
overtreft,2
uitstekend,5
blij,4
overbelasting,-1
uitzicht,-1
overdreven,-2
overdreven,-2
overreactie,-2
overreacts,-2
oversell,-2
overselling,-2
oversells,-2
eenvoudig gezegd,-2
eenvoudig voorgesteld,-2
te simpele,-2
simplificeren,-2
overdrijving,-2
overwaardering,-2
overgewicht,-1
oxymoron,-1
pijn,-2
pijnlijke,-2
paniek,-3
paniek,-3
panics,-3
paradijs,3
paradox,-1
gratie,2
vergeven,2
vergeving,2
gratie,2
parley,-1
gepassioneerd,2
passief,-1
passively,-1
pathetische,-2
betalen,-1
vrede,2
vreedzaam,2
rustig,2
penalty,-2
pensive,-1
perfect,3
geperfectioneerd,2
perfect,3
vervolmaakt,2
gevaar,-2
meineed,-3
dader,-2
daders,-2
verward,-2
vervolgen,-2
vervolgd,-2
vervolgt,-2
vervolgen,-2
verstoord,-2
vervelende,-2
pessimisme,-2
pessimistisch,-2
verstijfd,-2
fobische,-2
pittoresk,2
pileup,-1
piqué,-2
gewekt,-2
piss,-4
boos,-4
pissing,-3
piteous,-2
medelijden,-1
Jammer,-2
speelse,2
aangenaam,3
alsjeblieft,1
blij,3
plezier,3
klaar,-2
vergift,-2
vergiftigd,-2
vergiften,-2
vervuilen,-2
vervuild,-2
vervuiler,-2
vervuilers,-2
vervuilt,-2
slecht,-2
armer,-2
armste,-2
populair,3
positief,2
positief,2
bezitterig,-2
uitstellen,-1
uitgesteld,-1
uitstelt,-1
uitstel,-1
armoede,-1
krachtig,2
machteloos,-2
lof,3
geprezen,3
lof,3
loven,3
bid,1
bidden,1
bidt,1
prblm,-2
prblms,-2
bereid,1
druk,-1
druk,-2
alsof,-1
alsof,-1
beweert,-1
mooi,1
voorkomen,-1
voorkomen,-1
voorkomen,-1
voorkomt,-1
prikken,-5
gevangenis,-2
gevangen,-2
gevangenen,-2
bevoorrechte,2
proactieve,2
probleem,-2
problemen,-2
profiteur,-2
vooruitgang,2
prominent,2
belofte,1
beloofd,1
beloften,1
te bevorderen,1
bevorderd,1
bevordert,1
bevorderen,1
propaganda,-2
vervolgen,-1
vervolgd,-2
vervolgt,-1
vervolging,-1
prospect,1
vooruitzichten,1
welvarende,3
beschermen,1
beschermd,1
beschermt,1
protest,-2
protesteerders,-2
protesteren,-2
protesten,-2
trots,2
fier,2
provoceren,-1
uitgelokt,-1
veroorzaakt,-1
provoceren,-1
pseudowetenschap,-3
straffen,-2
gestraft,-2
bestraft,-2
hoge,-2
opdringerig,-1
verwarring,-2
trillen,-2
twijfelachtig,-2
ondervraagd,-1
ondervraging,-1
racisme,-3
racist,-3
racisten,-3
woede,-2
rageful,-2
regen,-1
rant,-3
ranter,-3
ranters,-3
rants,-3
verkrachting,-4
verkrachter,-4
opname,2
raptured,2
raptures,2
rapturous,4
huiduitslag,-2
bekrachtigd,2
bereikt,1
bereikt,1
bereikt,1
bereiken,1
verzekeren,1
gerustgesteld,1
verzekert,1
geruststellend,2
opstand,-2
recessie,-2
roekeloos,-2
raden,2
aanbevolen,2
beveelt,2
verlost,2
weigeren,-2
geweigerd,-2
weigeren,-2
betreuren,-2
betreurenswaardig,-2
betreurt,-2
betreuren,-2
betreurend,-2
verwerpen,-1
verworpen,-1
afwijzing,-1
verwerpt,-1
verheugen,4
verblijd,4
verheugt,4
vreugde,4
relaxed,2
aflatende,-1
afhankelijk,2
verlichten,1
verlicht,2
verlicht,1
verlichten,2
genoot,2
opmerkelijk,2
wroeging,-2
afstoten,-1
afgeslagen,-2
redding,2
gered,2
reddingen,2
resentful,-2
ontslag,-1
vastberaden,2
op te lossen,2
opgelost,2
lost,2
oplossen,2
gerespecteerd,2
verantwoordelijk,2
responsieve,2
rustgevende,2
rusteloos,-2
te herstellen,1
hersteld,1
herstelt,1
herstellen,1
beperken,-2
beperkt,-2
beperking,-2
beperking,-2
beperkt,-2
behouden,-1
retard,-2
achtergebleven,-2
terugtrekken,-1
wraak,-2
wraakgierig,-2
gerespecteerd,2
herleven,2
herleven,2
beloning,2
beloond,2
belonen,2
beloningen,2
rijke,2
belachelijk,-3
rig,-1
gemonteerd,-1
Rechtse richting,3
rigoureuze,3
streng,3
rel,-2
opstanden,-2
risico,-2
risico's,-2
rob,-2
rover,-2
gewaden,-2
robing,-2
berooft,-2
robuust,2
rofl,4
ROFLCOPTER,4
roflmao,4
romance,2
rotfl,4
rotflmfao,4
rotflol,4
ruin,-2
geruïneerd,-2
ruïneren,-2
puin,-2
sabotage,-2
sad,-2
bedroeven,-2
bedroefd,-2
helaas,-2
safe,1
veilig,1
veiligheid,1
saillant,1
sappig,-1
sarcastisch,-2
tevreden,2
sparen,2
gered,2
oplichting,-2
oplichting,-2
schandaal,-3
schandalig,-3
schandalen,-3
zondebok,-2
zondebokken,-2
schrik,-2
schrikken,-2
eng,-2
sceptisch,-2
schelden,-2
scoop,3
spot,-2
spotters,-2
schreeuw,-2
schreeuwde,-2
schreeuwen,-2
schreeuwen,-2
geschroefd,-2
Geschroefd,-3
scumbag,-4
veilig,2
vastgemaakt,2
beveiligt,2
opstand,-2
seditious,-2
verleid,-1
zelfvertrouwen,2
zelf-misleid,-2
egoïstisch,-3
egoïsme,-3
zin,-2
veroordeeld,-2
zinnen,-2
veroordeling,-2
rustig,2
ernstige,-2
sexy,3
wankel,-2
schaamte,-2
shamed,-2
beschamend,-2
aandeel,1
gemeenschappelijk,1
aandelen,1
verbrijzeld,-2
shit,-4
shithead,-4
shitty,-3
shock,-2
geschokt,-2
schokken,-2
schokken,-2
schieten,-1
bijziend,-2
bijziendheid,-2
tekort,-2
tekorten,-2
spitsmuis,-4
gooi,-1
zieken,-2
zucht,-2
betekenis,1
significant,1
silencing,-1
gekke,-1
oprechte,2
groet,2
oprechte,2
eerlijkheid,2
zondig,-3
singleminded,-2
sceptisch,-2
sceptisch,-2
scepsis,-2
sceptici,-2
slag,-2
slash,-2
gesneden,-2
schuine strepen,-2
snijden,-2
slavernij,-3
slapeloosheid,-2
slick,2
Changpa,2
handigste,2
traag,-2
del,-5
slim,1
slimmer,2
slimst,2
uitstrijkje,-2
lach,2
Glimlachte,2
lacht,2
glimlachen,2
smog,-2
heimelijk,-1
stompe,-2
afgesnauwd,-2
snubbing,-2
snubs,-2
sobering,1
ernstige,-1
vaste,2
solidariteit,2
oplossing,1
oplossingen,1
lossen,1
opgelost,1
lost,1
oplossen,1
somber,-2
Een soort,0
son-of-a-teef,-5
kalmeren,3
gekalmeerd,3
kalmerende,3
verfijnd,2
pijnlijke,-1
leed,-2
sorrowful,-2
Helaas,-1
spam,-2
spammer,-3
spammers,-3
spam,-2
vonk,1
schitteren,3
fonkelingen,3
sprankelende,3
speculatief,-2
spirit,1
geanimeerd,2
spiritless,-2
spiteful,-2
schitterende,3
sprightly,2
squelched,-1
stab,-2
gestoken,-2
stabiele,2
steken,-2
kraam,-2
vastgelopen,-2
stalling,-2
uithoudingsvermogen,2
stormloop,-2
geschrokken,-2
verhongeren,-2
uitgehongerd,-2
starves,-2
honger,-2
standvastig,2
stelen,-2
steelt,-2
stereotype,-2
stereotiep,-2
gesmoord,-1
stimuleren,1
gestimuleerd,1
stimuleert,1
stimuleren,2
gierig,-2
gestolen,-2
stop,-1
gestopt,-1
stoppen,-1
stopt,-1
stout,2
rechte,1
vreemd,-1
vreemd,-1
gewurgd,-2
sterkte,2
te versterken,2
versterkt,2
versterking,2
versterkt,2
benadrukt,-2
stressor,-2
stressoren,-2
getroffen,-2
staking,-1
strikers,-2
strikes,-1
sterk,2
sterker,2
sterkste,2
geslagen,-1
strijd,-2
vocht,-2
strijd,-2
worstelen,-2
koppig,-2
geplakt,-2
verdoofd,-2
prachtig,4
dom,-2
dom,-2
suave,2
substantiële,1
hoofdzaak,1
subversief,-2
succes,2
succesvol,3
zuigen,-3
zuigt,-3
lijden,-2
lijden,-2
lijdt,-2
zelfmoord,-2
zelfmoord,-2
vervolgen,-2
mokkend,-2
sulky,-2
sullen,-2
zonneschijn,2
super,3
prachtig,5
superieur,2
support,2
ondersteund,2
supporter,1
supporters,1
ondersteuning,1
steunend,2
ondersteunt,2
overleefd,2
overlevende,2
overlevende,2
verdachte,-1
vermoed,-1
vermoeden,-1
verdachten,-1
schorsen,-1
opgeschort,-1
verdacht,-2
zweer,-2
zweren,-2
zweren,-2
zoet,2
swift,2
snel,2
zwendel,-3
oplichting,-3
oplichting,-3
sympathische,2
sympathie,2
tard,-2
tranen,-2
tender,2
gespannen,-2
spanning,-1
verschrikkelijk,-3
vreselijk,-3
geweldig,4
doodsbang,-3
terreur,-3
terroriseren,-3
geterroriseerd,-3
terroriseert,-3
dank,2
dankbare,2
dank,2
doornige,-2
doordachte,2
gedachteloos,-2
bedreiging,-2
bedreigen,-2
bedreigd,-2
bedreigende,-2
bedreigt,-2
bedreigingen,-2
opgewonden,5
dwarsbomen,-2
gedwarsboomd,-2
dwarsboming,-2
doorkruist,-2
bescheiden,-2
vreesachtig,-2
moe,-2
borsten,-2
tolerant,2
ongetande,-2
top,2
bovenkanten,2
gescheurd,-2
marteling,-4
gemarteld,-4
martelingen,-4
martelen,-4
totalitair,-2
totalitarisme,-2
tout,-2
aangeprezen,-2
touting,-2
touts,-2
drama,-2
tragisch,-2
rustig,2
val,-1
opgesloten,-2
trauma,-3
traumatische,-3
travestie,-2
verraad,-3
verraderlijk,-3
schat,2
schatten,2
trillen,-2
trillend,-2
bedrogen,-2
bedrog,-2
overwinning,4
triomfantelijke,4
problemen,-2
onrustige,-2
problemen,-2
waar,2
vertrouwen,1
vertrouwde,2
tumor,-2
twat,-5
lelijk,-3
onaanvaardbaar,-2
unappreciated,-2
goedgekeurde,-2
onbewust,-2
ongelooflijk,-1
ongelovige,-1
onpartijdige,2
onzeker,-1
onduidelijk,-1
ongemakkelijk,-2
betrokken,-2
onbevestigde,-1
overtuigd,-1
niet genoemd,-1
onbeslist,-1
onderschatting,-1
onderschat,-1
onderschat,-1
onderschatten,-1
ondermijnen,-2
ondermijnd,-2
ondermijnt,-2
ondermijning,-2
undeserving,-2
ongewenst,-2
ongemakkelijk,-2
werkloosheid,-2
ongelijke,-1
ongeëvenaarde,2
onethisch,-2
oneerlijk,-2
ongericht,-2
onvervulde,-2
ongelukkig,-2
ongezonde,-2
verenigd,1
indruk,-2
dom,-2
verenigd,1
ongerechtvaardigde,-2
unlovable,-2
geliefd,-2
ongeëvenaarde,1
ongemotiveerd,-2
onprofessioneel,-2
ononderzocht,-2
ontevreden,-2
onbeveiligde,-2
onrustig,-1
onervaren,-2
onstabiel,-2
stuiten,2
ondersteund,-2
onzeker,-1
ongeschonden,2
ongewenste,-2
waardig,-2
verstoord,-2
verstoort,-2
stuiken,-2
gespannen,-2
dringende,-1
nuttig,2
nut,2
nutteloos,-2
onbruikbaarheid,-2
vaag,-2
valideren,1
gevalideerd,1
valideert,1
valideren,1
uitspraak,-1
uitspraken,-1
verworven,1
ergernis,-2
kwellende,-2
levendige,3
vicieuze,-2
slachtoffer,-3
slachtoffer,-3
slachtoffer,-3
slachtoffer,-3
slachtoffer,-3
slachtoffers,-3
waakzaam,3
vile,-3
verdedigen,2
gerechtvaardigd,2
rechtvaardigt,2
betuigt,2
schenden,-2
geschonden,-2
schendt,-2
schenden,-2
geweld,-3
gewelddadig,-3
positief,2
virulente,-2
visie,1
onrealistisch,3
visioning,1
visies,1
vitaliteit,3
vitamine,1
venijnige,-3
levendig,3
luidruchtig,-1
kwetsbaarheid,-2
kwetsbaar,-2
staking,-2
werkonderbrekingen,-2
wanker,-3
wilt,1
oorlog,-2
oorlogvoering,-2
warm,1
warmte,2
waarschuwen,-2
gewaarschuwd,-2
waarschuwing,-3
waarschuwingen,-3
waarschuwt,-2
afval,-1
verspild,-2
verspillen,-2
wankelen,-1
zwak,-2
zwakte,-2
rijkdom,3
rijk,2
vermoeid,-2
huilen,-2
huilen,-2
bizar,-2
welkom,2
verwelkomd,2
ingenomen,2
grillige,1
whitewash,-3
hoer,-4
slecht,-2
weduwe,-1
bereidheid,2
win,4
winnaar,4
winnen,4
wint,4
winwin,3
wens,1
wensen,1
wensen,1
terugtrekking,-3
smartelijk,-2
jammerlijk,-3
won,3
prachtig,4
woo,3
woohoo,3
wooo,4
woow,4
versleten,-1
bezorgd,-3
zorgen,-3
zorgwekkend,-3
erger,-3
verergeren,-3
verslechterd,-3
verergering,-3
verergert,-3
diende,3
worst,-3
waard,2
waardeloos,-2
waardig,2
wow,4
Wowow,4
wowww,4
toornige,-3
wrak,-2
verkeerd,-2
verongelijkt,-2
wtf,-4
ja,1
verlangen,1
yeees,2
yes,1
jeugdige,2
verluchten,-2
yummy,3
zealot,-2
ijveraars,-2
ijverig,2
<3,5
Diep Huis,2
:),5
: (,-5
: |,-3
omg,2